759116200002559,0,58202.3714699,18.1569672,0.0340706147
759116200002559,0,58202.3810764,18.1507854,0.0339367874
759116200002559,0,58202.382037,18.219183,0.0354600698
759116200002559,0,58203.3609606,18.1147308,0.0331708901
759116200002559,0,58203.3851042,18.1990147,0.0350010842
759116200002559,0,58203.4065625,18.1816082,0.0346116312
759116200002559,0,58204.3459838,18.1392937,0.0336899534
759116200002559,0,58204.3608912,18.1118927,0.0331116542
759116200002559,0,58204.3907523,18.1323051,0.0335410833
759116200002559,0,58204.399375,18.1488152,0.0338942856
759116200002559,0,58204.4190856,18.0939083,0.0327398404
759116200002559,0,58204.4383449,18.1659679,0.0342668518
759116200002559,0,58205.3616667,18.0911598,0.0326835364
759116200002559,0,58205.3820486,18.0644188,0.0321431346
759116200002559,0,58205.3829745,18.1743488,0.0344509818
759116200002559,0,58205.4140625,18.1745148,0.0344546437
759116200002559,0,58205.4149769,18.1535416,0.0339963697
759116200002559,0,58205.4382176,18.1616898,0.0341733806
759116200002559,0,58205.4838542,18.2031174,0.0350937881
759116200002559,0,58206.3102662,18.1192989,0.0332665518
759116200002559,0,58206.3228009,18.1016502,0.0328991488
759116200002559,0,58206.3512963,18.1253319,0.0333935022
759116200002559,0,58206.3613426,18.096468,0.0327923894
759116200002559,0,58206.3855556,18.1298084,0.0334881395
759116200002559,0,58206.3992824,18.1822567,0.0346260294
759116200002559,0,58206.4371644,18.1780186,0.0345320478
759116200002559,0,58207.3050116,18.1424656,0.0337578095
759116200002559,0,58207.3220949,18.0209217,0.0312917382
759116200002559,0,58207.3465046,18.0654488,0.0321637057
759116200002559,0,58207.3660417,18.087162,0.0326019004
759116200002559,0,58207.3809144,18.1481419,0.0338797681
759116200002559,0,58207.4001273,18.1747322,0.0344594531
759116200002559,32768,58208.3456829,18.1345711,0.0335892513
759116200002559,0,58208.3638773,18.0940094,0.0327418931
759116200002559,32768,58208.382037,18.2469463,0.0361056216
759116200002559,32768,58208.4004398,18.0279465,0.0314269662
759116200002559,32768,58208.4013542,18.0124989,0.0311307311
759116200002559,32768,58208.4199537,18.196022,0.0349336974
759116200002559,0,58208.5038079,18.1267567,0.0334235765
759116200002559,0,58209.4610185,18.087862,0.0326161943
759116200002559,32768,58210.3406366,18.2640266,0.0365108475
759116200002559,0,58210.3572685,18.0941734,0.0327452682
759116200002559,0,58210.3855671,18.2401638,0.03594644
759116200002559,0,58210.4225926,18.122982,0.0333439559
759116200002559,0,58210.4399653,18.0603371,0.0320617966
759116200002559,0,58211.3483102,18.1104183,0.0330809392
759116200002559,0,58211.3572222,18.1613178,0.0341652744
759116200002559,0,58211.3581366,18.0945168,0.032752309
759116200002559,0,58211.3590625,18.0531521,0.0319193564
759116200002559,0,58211.3801389,18.0895462,0.0326505452
759116200002559,0,58211.4127546,17.888792,0.0289039221
759116200002559,0,58211.4146065,18.1346569,0.0335910767
759116200002559,0,58211.4155324,18.0898476,0.0326567069
759116200002559,0,58211.4417824,17.9812164,0.0305435434
759116200002559,0,58211.4610995,17.8928528,0.0289730597
759116200002559,32768,58214.2864468,18.1404018,0.0337136276
759116200002559,32768,58214.3058449,18.2930794,0.037214499
759116200002559,0,58223.3249306,18.1337929,0.0335726924
759116200002559,0,58223.3258912,18.1293602,0.0334786475
759116200002559,0,58227.3303009,18.0771255,0.0323982798
759116200002559,0,58227.3471644,18.0800896,0.0324582383
759116200002559,0,58227.3480903,18.053793,0.0319320112
759116200002559,0,58229.2976736,18.0182915,0.0312413368
759116200002559,0,58229.2991319,18.0255737,0.0313811786
759116200002559,0,58229.3000463,18.0104942,0.0310926121
759116200002559,0,58229.3213194,18.0606403,0.0320678204
759116200002559,0,58229.3464699,17.994133,0.0307839569
759116200002559,0,58230.3539468,18.0614815,0.0320845693
759116200002559,0,58230.3660648,18.0511971,0.0318807624
759116200002559,0,58230.3669792,18.0736179,0.0323275626
759116200002559,0,58230.3929282,18.0446587,0.0317521691
759116200002559,0,58231.3892477,18.0647011,0.0321487747
759116200002559,0,58231.3901736,18.0611534,0.0320780426
759116200002559,0,58231.413831,18.0577755,0.0320109017
759116200002559,0,58231.4353472,18.1010952,0.0328876786
759116200002559,0,58232.2754977,18.0884552,0.0326282755
759116200002559,0,58232.2774653,18.0270386,0.0314094312
759116200002559,0,58232.2860532,18.1007233,0.0328800045
759116200002559,0,58232.4489468,18.0758057,0.0323716439
759116200002559,0,58233.297419,18.0904121,0.0326682515
759116200002559,0,58233.2983912,18.1156654,0.0331904292
759116200002559,0,58234.3083102,18.1096802,0.0330655836
759116200002559,0,58234.3270023,18.0874367,0.0326075144
759116200002559,0,58234.3279282,18.0806141,0.0324688628
759116200002559,0,58234.3534259,18.0566063,0.0319877081
759116200002559,0,58234.3805671,18.0343895,0.0315517597
759116200002559,0,58234.3856944,18.0517731,0.0318921208
759116200002559,0,58234.4144213,18.0484638,0.0318269096
759116200002559,0,58234.4344329,18.1301403,0.0334951617
759116200002559,0,58235.3257176,18.0550423,0.0319567248
759116200002559,0,58235.3431829,18.0653534,0.0321617983
759116200002559,0,58235.3440972,18.1266136,0.0334205553
759116200002559,0,58235.3450116,18.0695648,0.0322461165
759116200002559,0,58235.3737037,18.1501122,0.0339222513
759116200002559,0,58236.3358102,18.0521889,0.0319003351
759116200002559,0,58236.3367245,18.1704826,0.0343658701
759116200002559,0,58236.3940278,18.0657253,0.032169234
759116200002559,0,58236.4152431,18.0158978,0.0311955661
759116200002559,0,58236.4474074,18.0886745,0.0326327533
759116200002559,0,58236.4483681,18.1540051,0.0340063833
759116200002559,0,58236.4692014,18.0833321,0.0325239971
759116200002559,0,58237.3044907,18.1665478,0.0342795365
759116200002559,0,58237.3420139,18.0278053,0.0314242281
759116200002559,0,58237.4326736,18.093914,0.0327399373
759116200002559,0,58237.4336458,18.011322,0.0311083402
759116200002559,0,58237.4523727,17.9948311,0.0307970438
759116200002559,0,58237.4642014,18.0166245,0.031209439
759116200002559,0,58238.1946412,17.8506699,0.0282672439
759116200002559,0,58243.2231019,17.962719,0.0302041527
759116200002559,0,58243.2390741,18.0204811,0.0312832743
759116200002559,0,58243.2604514,17.9974937,0.0308469776
759116200002559,0,58243.2684838,17.9996529,0.0308875646
759116200002559,0,58244.2398611,18.0144844,0.0311685838
759116200002559,32768,58244.2579282,18.0158215,0.0311941095
759116200002559,32768,58244.264537,17.9998436,0.030891154
759116200002559,0,58244.2870486,18.0583668,0.0320226364
759116200002559,0,58245.3315856,18.0684929,0.0322246291
759116200002559,0,58246.3121412,18.0474663,0.0318072848
759116200002559,0,58246.326713,18.0393486,0.031648308
759116200002559,0,58246.3276273,18.0421066,0.0317021795
759116200002559,0,58246.3508565,18.0394859,0.0316509865
759116200002559,0,58247.3113079,18.0564957,0.0319855325
759116200002559,0,58247.328044,18.0437698,0.0317347348
759116200002559,0,58247.3289583,18.0358772,0.0315806754
759116200002559,0,58247.3510532,18.0360546,0.0315841101
759116200002559,0,58248.3269907,18.0088387,0.0310611632
759116200002559,0,58248.3279051,18.0179138,0.0312341042
759116200002559,0,58248.3288194,18.0433388,0.0317263082
759116200002559,0,58248.3405903,18.0466537,0.0317913368
759116200002559,0,58248.3600347,18.0347004,0.0315577798
759116200002559,32768,58249.343044,18.0538101,0.0319323651
759116200002559,32768,58249.3439583,18.100029,0.0328656957
759116200002559,0,58249.372581,17.9753189,0.0304347146
759116200002559,32768,58249.382419,18.0497322,0.0318518803
759116200002559,0,58255.2196759,18.0241642,0.0313540436
759116200002559,0,58255.3426273,17.9957352,0.0308139827
759116200002559,0,58255.3528935,18.0182304,0.0312401522
759116200002559,0,58255.3538657,18.0320587,0.0315065123
759116200002559,0,58255.3711806,17.9971085,0.030839745
759116200002559,0,58258.2841204,18.0309219,0.0314845033
759116200002559,0,58258.3022685,17.9819775,0.0305576194
759116200002559,0,58258.3031829,18.0264282,0.0313976556
759116200002559,0,58258.3040972,17.9973679,0.0308446251
759116200002559,0,58258.3293403,18.0088959,0.0310622491
759116200002559,32768,58259.390463,17.8686333,0.028564455
759116200002559,32768,58261.2448611,17.3577824,0.0217898767
759116200002559,0,58261.245787,17.9887447,0.0306833182
759116200002559,0,58262.2804398,17.9614983,0.0301819574
759116200002559,0,58263.3011458,17.9551544,0.0300670043
759116200002559,0,58266.1989005,17.995636,0.0308121257
759116200002559,0,58266.2007639,17.9721909,0.0303772278
759116200002559,0,58266.415,17.9181805,0.02941023
759116200002559,0,58267.1767593,17.985836,0.0306291971
759116200002559,0,58267.2017245,18.0134315,0.0311485119
759116200002559,0,58267.218831,18.0559082,0.031973891
759116200002559,0,58269.2666782,17.9699821,0.0303367358
759116200002559,0,58269.2675926,17.9247856,0.0295259301
759116200002559,0,58269.2877083,18.0368233,0.0315990746
759116200002559,0,58269.3119676,17.9309807,0.0296350867
759116200002559,0,58270.250081,17.9257202,0.0295423586
759116200002559,0,58270.2611227,17.9526272,0.0300213974
759116200002559,0,58272.2147569,17.9686584,0.0303124916
759116200002559,0,58272.2407639,17.9515095,0.0300012752
759116200002559,0,58272.2416782,17.9638557,0.0302248523
759116200002559,0,58272.268206,17.9289169,0.0295986608
759116200002559,0,58273.2618403,17.9754562,0.0304372385
759116200002559,0,58273.2795718,17.9783249,0.0304900985
759116200002559,0,58274.2442824,17.912899,0.0293182321
759116200002559,0,58274.2638889,17.9499664,0.0299734976
759116200002559,0,58274.2804398,17.9596748,0.0301488396
759116200002559,0,58276.2489583,17.9465218,0.029911669
759116200002559,0,58276.2646991,17.9225883,0.0294873659
759116200002559,0,58276.2656134,17.9181519,0.0294097271
759116200002559,0,58277.2290162,17.9347248,0.0297013633
759116200002559,0,58277.3274537,17.924099,0.0295138676
759116200002559,0,58277.3430093,17.9241753,0.0295152068
759116200002559,0,58278.2071644,17.9290504,0.029601017
759116200002559,0,58278.2198727,17.9050369,0.0291821007
759116200002559,0,58278.3458796,17.9570808,0.0301018376
759116200002559,0,58279.2289931,17.9300041,0.0296178441
759116200002559,32768,58279.2993171,17.9395676,0.0297874119
759116200002559,32768,58279.3070949,18.0546646,0.0319492742
759116200002559,0,58279.322338,17.9163208,0.029377779
759116200002559,0,58280.2445023,17.9214973,0.0294682514
759116200002559,0,58280.2617361,17.917593,0.029399991
759116200002559,0,58280.2785648,17.9075012,0.0292246602
759116200002559,0,58281.2703935,17.9205627,0.0294518918
759116200002559,0,58281.286794,17.8623009,0.0284591224
759116200002559,0,58282.2672569,17.8975639,0.0290536117
759116200002559,0,58282.2825116,17.9103851,0.0292745885
759116200002559,0,58282.2834838,17.9554729,0.0300727747
759116200002559,0,58283.2649306,17.9362755,0.0297288839
759116200002559,0,58283.2774074,17.90065,0.0291065667
759116200002559,0,58283.2996412,17.9389267,0.0297760144
759116200002559,0,58284.2265741,17.9202995,0.0294472799
759116200002559,0,58284.2422685,17.9285851,0.0295927972
759116200002559,0,58284.2660301,17.9650021,0.0302457269
759116200002559,0,58286.2275116,17.9288902,0.0295981746
759116200002559,0,58286.2430208,17.93997,0.0297945905
759116200002559,0,58286.258588,17.9091206,0.0292526744
759116200002559,0,58288.2079282,17.9343796,0.0296952352
759116200002559,0,58288.2265741,17.9312401,0.0296396818
759116200002559,0,58288.2274884,17.9161949,0.0293756016
759116200002559,0,58288.3578588,17.9484138,0.0299456082
759116200002559,0,58290.1964699,17.993351,0.0307693221
759116200002559,0,58290.2284954,17.927721,0.0295775849
759116200002559,0,58290.2495486,17.9692192,0.0303227659
759116200002559,0,58292.2057986,17.954258,0.0300508142
759116200002559,0,58292.2241088,17.9328575,0.0296682715
759116200002559,0,58292.3404282,17.9563541,0.0300887022
759116200002559,0,58293.1852894,17.9774914,0.030474728
759116200002559,0,58293.1958102,17.9223557,0.0294832904
759116200002559,0,58293.2139815,17.9152031,0.0293583199
759116200002559,0,58294.2012384,17.9942207,0.030785609
759116200002559,0,58294.2021528,17.9186726,0.0294188261
759116200002559,0,58294.2270833,17.8979454,0.0290601477
759116200002559,0,58295.2026273,17.9852829,0.0306189228
759116200002559,0,58295.2273264,17.9987297,0.0308702085
759116200002559,0,58296.1987616,17.970541,0.0303469747
759116200002559,0,58298.1854167,17.9501419,0.0299766678
759116200002559,0,58298.2049074,17.9973354,0.0308440011
759116200002559,0,58298.224838,17.955162,0.0300671551
759116200002559,0,58300.200544,17.9585438,0.0301283486
759116200002559,0,58300.2014583,17.9882298,0.0306737255
759116200002559,0,58300.2223148,17.9657822,0.0302599687
759116200002559,0,58300.3065625,17.9771881,0.0304691456
759116200002559,0,58302.196088,17.9558754,0.0300800391
759116200002559,0,58303.2181713,17.955328,0.0300701465
759116200002559,0,58304.2007639,17.9989662,0.0308746453
759116200002559,0,58304.2141435,17.9785156,0.0304936189
759116200002559,0,58304.3064699,17.926754,0.0295605399
759116200002559,0,58305.1987153,17.964962,0.0302450117
759116200002559,0,58305.2282292,17.9462471,0.029906733
759116200002559,0,58305.3015625,17.8955154,0.029018553
759116200002559,0,58306.2222338,17.9560432,0.0300830752
759116200002559,0,58306.2274653,17.9700298,0.0303376094
759116200002559,0,58306.3198843,17.76894,0.0269757733
759116200002559,0,58307.2196759,17.9413643,0.0298194326
759116200002559,0,58307.2464583,17.9467163,0.029915154
759116200002559,0,58307.3215162,17.9524479,0.0300181732
759116200002559,32768,58311.2373727,18.0092945,0.0310698058
759116200002559,32768,58311.2430324,17.8275185,0.0278914329
759116200002559,0,58311.3306019,17.9455395,0.0298940707
759116200002559,0,58312.2576736,17.9314919,0.0296441261
759116200002559,0,58312.3290509,17.9795303,0.0305123534
759116200002559,0,58312.3445949,17.9800472,0.0305219125
759116200002559,0,58316.177338,18.0170918,0.0312183704
759116200002559,0,58319.1840625,17.8781166,0.0287233572
759116200002559,0,58321.1761458,17.994873,0.030797828
759116200002559,0,58321.2011806,17.9251766,0.0295327995
759116200002559,0,58322.1827662,17.9971924,0.0308413133
759116200002559,0,58322.1837269,17.9798489,0.0305182599
759116200002559,0,58322.2065625,17.9519005,0.030008316
759116200002559,0,58323.2843171,17.9766388,0.0304590147
759116200002559,0,58324.267037,17.7888184,0.0272809379
759116200002559,0,58324.2783912,18.0313377,0.0314925648
759116200002559,0,58324.3058449,17.9929008,0.0307608917
759116200002559,0,58327.1746412,18.0198479,0.0312711373
759116200002559,0,58327.1756134,18.000061,0.0308952592
759116200002559,0,58327.1935648,18.0107384,0.0310972575
759116200002559,0,58328.1784606,17.9774513,0.0304739811
759116200002559,0,58330.1727546,17.9719391,0.0303725936
759116200002559,0,58330.2029745,17.9914436,0.0307336655
759116200002559,0,58331.2426852,17.9930229,0.0307631884
759116200002559,0,58332.1799306,17.9517899,0.0300063193
759116200002559,0,58332.1947106,17.9895687,0.0306986719
759116200002559,0,58332.2151505,17.9803009,0.0305266082
759116200002559,0,58334.1835069,17.9535809,0.0300385933
759116200002559,0,58337.1744097,17.9144535,0.0293452647
759116200002559,0,58343.1745255,17.9519615,0.0300094113
759116200002559,0,58346.1521875,17.9556923,0.0300767422
759116200002559,0,58349.1520718,17.9751587,0.0304317549
759116200002559,0,58349.1743866,17.9244499,0.029520046
759116200002559,0,58349.1966551,18.0051155,0.0309906323
759116200002559,0,58350.2396991,18.0476913,0.0318117179
759116200002559,0,58350.2406134,17.9869423,0.0306497626
759116200002559,0,58350.2583218,18.0009918,0.030912796
759116200002559,0,58351.2435069,17.9916992,0.0307384301
759116200002559,32768,58351.2577315,18.073288,0.0323209129
759116200002559,0,58352.1546644,18.0348854,0.031561397
759116200002559,0,58352.1746296,18.0339146,0.0315425247
759116200002559,0,58352.1930556,18.1035652,0.0329387225
759116200002559,0,58361.1549537,18.0596008,0.0320471488
759116200002559,0,58364.1928588,18.0118256,0.0311179329
759116200002559,0,58367.2192361,18.0896511,0.0326526873
759116200002559,0,58370.1746991,17.9988403,0.0308722928
759116200002559,0,58385.1594444,17.9706078,0.0303481985
759116200002559,0,58472.4731944,18.1122513,0.0331191346
759116200002559,0,58480.5339352,18.1996384,0.0350151472
759116200002559,0,58487.5092593,18.1909523,0.0348199345
759116200002559,0,58491.4913194,18.1346207,0.0335903168
759116200002559,0,58494.5340972,18.1684227,0.0343206376
759116200002559,0,58502.4877431,18.1173382,0.0332254358
759116200002559,0,58505.4886458,18.0254478,0.0313787647
759116200002559,0,58511.5113773,18.0575027,0.0320054851
759116200002559,0,58522.506875,18.0969639,0.0328025818
759116200002559,0,58526.4661574,18.0300026,0.031466715
759116200002559,32768,58538.424537,18.0935974,0.032733459
759116200002559,32768,58538.4487731,18.1961517,0.0349366218
759116200002559,32768,58538.4520602,18.1025314,0.0329173505
759116200002559,0,58538.5416667,18.0930023,0.0327212662
759116200002559,32768,58539.3879398,18.2196808,0.0354714841
759116200002559,32768,58539.4081366,18.2673359,0.036590077
759116200002559,0,58540.385463,18.1133003,0.033141017
759116200002559,0,58540.4437037,18.1479816,0.0338763297
759116200002559,0,58540.4658796,18.1148529,0.0331734344
759116200002559,0,58541.4357639,18.1737633,0.0344380811
759116200002559,32768,58541.436713,18.1574116,0.0340802707
759116200002559,32768,58541.4437731,18.1647167,0.0342394635
759116200002559,0,58543.4896296,18.2176113,0.0354239829
759116200002559,32768,58543.51875,18.2505417,0.0361904055
759116200002559,0,58547.3410532,18.2416649,0.0359815843
759116200002559,0,58547.3596991,18.2175941,0.0354236066
759116200002559,0,58547.3606019,18.1833382,0.0346500613
759116200002559,0,58547.3884838,18.259306,0.036398232
759116200002559,0,58556.4532986,18.1743355,0.0344506986
759116200002559,0,58556.4542014,18.2122402,0.0353011303
759116200002559,0,58556.4640162,18.2401524,0.0359461643
759116200002559,0,58556.4981597,18.2112064,0.0352775306
759116200002559,32768,58557.3303935,18.0569649,0.0319948196
759116200002559,0,58557.4463657,18.0917549,0.0326957107
759116200002559,0,58557.4794907,18.0919533,0.0326997861
759116200002559,0,58558.4223843,18.1902847,0.0348049961
759116200002559,0,58560.2351042,18.2668152,0.0365775898
759116200002559,0,58560.260162,18.1458416,0.0338302627
759116200002559,0,58560.2816435,18.1817818,0.0346154682
759116200002559,0,58560.2825463,18.1515198,0.0339526497
759116200002559,0,58561.3093634,18.1199818,0.0332808904
759116200002559,0,58561.3238889,18.1713924,0.0343858711
759116200002559,0,58561.5406019,18.2210522,0.0355030298
759116200002559,0,58567.4007292,18.2350464,0.035826955
759116200002559,32768,58567.4403935,18.0015602,0.0309234876
759116200002559,32768,58567.4412963,17.9577694,0.0301143136
759116200002559,0,58568.2397801,18.0731125,0.0323173888
759116200002559,0,58568.2685532,18.1332779,0.0335617475
759116200002559,0,58572.3437963,18.2342815,0.0358091332
759116200002559,0,58572.3867245,18.2167816,0.035404969
759116200002559,0,58572.3876273,18.2518177,0.0362205803
759116200002559,0,58572.4981713,18.2309647,0.0357320532
759116200002559,0,58573.318287,18.1090317,0.033052098
759116200002559,0,58573.3637847,18.283783,0.0369873606
759116200002559,0,58573.3823032,18.2154007,0.0353733562
759116200002559,0,58574.3651852,18.3282051,0.0380900055
759116200002559,0,58574.3927662,18.2983055,0.0373430289
759116200002559,32768,58574.4047454,18.2205486,0.0354914293
759116200002559,0,58575.302963,18.4150906,0.0403767899
759116200002559,0,58575.3212153,18.3269196,0.0380574912
759116200002559,0,58575.3390741,18.3210106,0.0379084498
759116200002559,0,58575.3400231,18.3192406,0.0378639549
759116200002559,0,58580.4089236,18.3022289,0.0374399349
759116200002559,0,58580.4215394,18.3272858,0.0380667448
759116200002559,0,58580.4224421,18.3052979,0.0375159457
759116200002559,32768,58580.454213,18.3559532,0.0388012454
759116200002559,0,58581.3041898,18.2919197,0.0371860825
759116200002559,0,58581.3230208,18.3166466,0.0377988778
759116200002559,0,58582.3370718,18.2932377,0.0372183919
759116200002559,32768,58582.3656019,18.2966385,0.03730198
759116200002559,32768,58582.3837731,18.3606949,0.0389245376
759116200002559,0,58583.3652431,18.2566681,0.0363355018
759116200002559,0,58583.3900694,18.2589645,0.0363901109
759116200002559,0,58583.3909722,18.1695213,0.0343447365
759116200002559,0,58583.4155903,18.2362194,0.0358542986
759116200002559,0,58584.2836806,18.3028431,0.0374551304
759116200002559,0,58584.463287,18.3018131,0.0374296457
759116200002559,0,58585.2703356,18.2879906,0.0370899476
759116200002559,0,58585.2773495,18.2797565,0.0368895493
759116200002559,0,58586.4075694,18.2971706,0.0373150669
759116200002559,0,58586.4084722,18.3274078,0.0380698219
759116200002559,0,58586.4344097,18.2711067,0.0366806351
759116200002559,0,58586.4427546,18.299469,0.0373717211
759116200002559,0,58587.3162963,18.3263988,0.0380443148
759116200002559,0,58587.3660301,18.2893829,0.0371239744
759116200002559,0,58587.4437153,18.2829857,0.0369679555
759116200002559,32768,58588.3081713,18.184042,0.0346657
759116200002559,0,58588.4644792,18.331604,0.0381761789
759116200002559,32768,58589.3569097,18.4278088,0.0407265387
759116200002559,32768,58589.3816667,18.2971992,0.037315771
759116200002559,32768,58589.3825694,18.1644211,0.0342330076
759116200002559,0,58589.4139352,18.3048267,0.0375042669
759116200002559,0,58591.2289005,18.3222561,0.0379398018
759116200002559,0,58591.2423958,18.278883,0.0368684009
759116200002559,0,58591.2656481,18.2498055,0.0361730419
759116200002559,0,58592.4278009,18.3116589,0.0376741774
759116200002559,0,58592.4421412,18.3513756,0.0386827029
759116200002559,0,58592.4498611,18.2553234,0.0363035835
759116200002559,0,58594.2372106,18.3055019,0.037521001
759116200002559,0,58594.264919,18.2510796,0.0362031087
759116200002559,0,58594.2871875,18.2741718,0.0367545001
759116200002559,0,58596.2366088,18.269825,0.0366498232
759116200002559,0,58596.2473032,18.3088379,0.0376039073
759116200002559,0,58596.4564005,18.3189335,0.0378562324
759116200002559,0,58596.4652894,18.2371101,0.0358750671
759116200002559,0,58597.2699769,18.2949333,0.0372600481
759116200002559,0,58597.2877894,18.3046989,0.0375011042
759116200002559,0,58597.3017477,18.2529049,0.0362462997
759116200002559,0,58598.2478356,18.3697052,0.0391602963
759116200002559,0,58598.2605093,18.3339882,0.0382367857
759116200002559,0,58598.2796065,18.3019543,0.0374331251
759116200002559,0,58598.4376968,18.3066578,0.0375497043
759116200002559,0,58598.4381481,18.2542706,0.0362786241
759116200002559,0,58598.4537963,18.3363113,0.0382959731
759116200002559,0,58599.2247569,18.2976017,0.0373256914
759116200002559,0,58606.3853819,18.2864075,0.0370513052
759116200002559,0,58606.4126505,18.3193016,0.0378654823
759116200002559,0,58606.4554745,18.3163795,0.0377921909
759116200002559,0,58607.3100926,18.3633232,0.038993109
759116200002559,0,58607.4048843,18.3380432,0.0383401737
759116200002559,0,58608.2914468,18.342289,0.0384487957
759116200002559,0,58608.3041551,18.2727528,0.0367202759
759116200002559,0,58608.3050579,18.3302193,0.0381410532
759116200002559,0,58608.3282986,18.3171463,0.0378113948
759116200002559,0,58612.2712269,18.3408298,0.0384114124
759116200002559,0,58612.2808912,18.375721,0.0393187255
759116200002559,0,58612.3044907,18.333662,0.0382285044
759116200002559,0,58612.3067824,18.3801765,0.0394366346
759116200002559,0,58616.2395602,18.3739452,0.0392718911
759116200002559,0,58616.2556944,18.3882637,0.039651826
759116200002559,0,58616.2875926,18.3630352,0.03898561
759116200002559,0,58616.2884954,18.3555527,0.0387908593
759116200002559,0,58617.3859144,18.3604698,0.0389186926
759116200002559,0,58617.4094097,18.3485565,0.0386099331
759116200002559,0,58617.4263194,18.3575974,0.0388439372
759116200002559,0,58619.2629051,18.2558937,0.0363171361
759116200002559,0,58619.286794,18.0835228,0.0325278714
759116200002559,0,58628.22,18.3047543,0.0375024639
759116200002559,0,58632.1911921,18.2578163,0.0363628082
759116200002559,0,58632.3472454,18.3150368,0.0377585888
759116200002559,0,58632.3482176,18.3157768,0.0377770811
759116200002559,0,58635.2059722,18.2738285,0.0367462263
759116200002559,0,58635.22625,18.3200035,0.0378831215
759116200002559,0,58635.2271528,18.3056812,0.0375254676
759116200002559,0,58635.4307755,18.2800579,0.0368968621
759116200002559,0,58636.2343056,18.2917805,0.0371826626
759116200002559,0,58636.2681134,18.2844753,0.0370042138
759116200002559,0,58636.2795718,18.2805519,0.0369088612
759116200002559,0,58637.2274653,18.328146,0.0380885005
759116200002559,0,58637.245625,18.3251228,0.0380120687
759116200002559,0,58637.2579977,18.3441334,0.0384961404
759116200002559,0,58638.1928704,18.3459721,0.0385433845
759116200002559,0,58638.3258333,18.2760582,0.0368000381
759116200002559,0,58638.3286574,18.2914314,0.0371741056
759116200002559,0,58638.344213,18.3553734,0.0387861878
759116200002559,0,58639.215625,18.3327141,0.0382043719
759116200002559,32768,58639.2459491,18.2863007,0.0370486937
759116200002559,0,58639.2694676,18.3570328,0.0388292558
759116200002559,0,58640.2078819,18.3264122,0.0380446501
759116200002559,0,58640.3246296,18.2919693,0.037187282
759116200002559,0,58640.3434954,18.2990036,0.0373602509
759116200002559,0,58641.1849537,18.3569317,0.0388266556
759116200002559,0,58641.2028356,18.355505,0.0387896225
759116200002559,0,58641.2037384,18.3517151,0.0386914834
759116200002559,32768,58641.2246644,18.3534298,0.038735833
759116200002559,0,58642.1741204,18.3365955,0.0383032039
759116200002559,0,58642.2074884,18.3407497,0.0384093709
759116200002559,0,58642.3035995,18.343626,0.0384831019
759116200002559,0,58643.2014931,18.3323898,0.0381961353
759116200002559,0,58643.3277083,18.1559982,0.0340495817
759116200002559,0,58643.3486458,18.3640404,0.0390118621
759116200002559,0,58644.1870486,18.3204288,0.0378938243
759116200002559,0,58644.203287,18.3374176,0.0383241922
759116200002559,0,58644.2041898,18.3169594,0.0378067046
759116200002559,0,58644.2283681,18.2686157,0.0366207957
759116200002559,0,58646.1995718,18.3538723,0.0387472846
759116200002559,32768,58646.3228356,18.3848572,0.0395609848
759116200002559,0,58647.3440394,18.4177647,0.0404499918
759116200002559,0,58648.3238079,18.3456135,0.0385341533
759116200002559,0,58648.3416782,18.330162,0.0381396003
759116200002559,0,58648.3641204,18.3323593,0.0381953754
759116200002559,0,58649.1990972,18.4129658,0.0403187163
759116200002559,0,58649.341331,18.3641357,0.0390143543
759116200002559,0,58650.2047338,18.4316177,0.0408320501
759116200002559,0,58650.2246181,18.4861622,0.0423824601
759116200002559,0,58650.2255208,18.3462334,0.0385500938
759116200002559,0,58651.1836458,18.4195614,0.0404992737
759116200002559,0,58651.2014468,18.4625168,0.0417011976
759116200002559,0,58651.2254861,18.4546795,0.0414784849
759116200002559,0,58652.1834028,18.489975,0.0424936302
759116200002559,0,58652.1989815,18.5178604,0.0433181897
759116200002559,0,58652.2262384,18.4426346,0.0411392041
759116200002559,0,58653.2624653,18.4093094,0.0402190909
759116200002559,0,58653.2890625,18.5705814,0.0449331701
759116200002559,0,58653.2900116,18.4418545,0.0411173664
759116200002559,0,58653.3010648,18.431818,0.0408376046
759116200002559,0,58654.2490394,18.5077057,0.0430155955
759116200002559,0,58654.2612269,18.4851646,0.0423534289
759116200002559,0,58654.289294,18.3661213,0.0390662812
759116200002559,0,58655.2438773,18.4033012,0.0400560647
759116200002559,0,58655.2568634,18.3263092,0.038042061
759116200002559,0,58655.2789005,18.4811745,0.0422375724
759116200002559,0,58657.2029167,18.4863472,0.0423878394
759116200002559,0,58658.2277431,18.5632877,0.0447053164
759116200002559,0,58660.1822801,18.5091782,0.0430593044
759116200002559,0,58660.1964352,18.4859924,0.0423775315
759116200002559,0,58661.2165278,18.4602203,0.0416357666
759116200002559,0,58662.2169444,18.4823208,0.0422708318
759116200002559,0,58663.2211111,18.475193,0.0420646444
759116200002559,0,58663.2257523,18.4452419,0.0412123725
759116200002559,0,58665.1990046,18.407444,0.0401683711
759116200002559,0,58665.2277083,18.476141,0.0420920178
759116200002559,0,58666.2262847,18.3906612,0.0397159159
759116200002559,0,58667.3271412,18.3859711,0.0395906754
759116200002559,0,58668.2029398,18.4507694,0.0413679481
759116200002559,0,58673.3028472,18.478056,0.0421473123
759116200002559,0,58676.2962153,18.474144,0.0420344137
759116200002559,0,58679.2849421,18.3740273,0.0392740257
759116200002559,0,58682.1766551,18.4076195,0.0401731618
759116200002559,0,58685.1954861,18.4528046,0.0414254591
759116200002559,0,58688.2031713,18.33564,0.0382788628
759116200002559,0,58691.2177083,18.4144211,0.0403584726
759116200002559,0,58694.2170833,18.4270744,0.0407062396
759116200002559,0,58707.2659028,18.2320137,0.0357564129
759116200002559,0,58711.1571991,18.4171181,0.0404322892
759116200002559,0,58711.225625,18.4707127,0.0419357307
759116200002559,0,58711.2444213,18.4453354,0.0412149802
759116200002559,0,58714.1582639,18.3471889,0.038574703
759116200002559,0,58718.1614352,18.4093819,0.0402210653
759116200002559,32768,58721.1586806,18.4278717,0.0407282524
759116200002559,0,58724.1724769,18.3927879,0.0397728756
759116200002559,0,58728.1366204,18.4242325,0.0406277999
759116200002559,0,58729.1384144,18.4314594,0.0408276506
759116200002559,0,58732.1325694,18.4657211,0.0417927019
759116200002559,0,58732.1623264,18.4466553,0.0412520692
759116200002559,0,58732.1728009,18.4651375,0.0417759977
759116200002559,0,58733.154375,18.4610348,0.0416589789
759116200002559,0,58733.1552778,18.4027958,0.0400423892
759116200002559,0,58733.1836343,18.4149151,0.0403719954
759116200002559,0,58733.2036806,18.3895607,0.0396864824
759116200002559,0,58734.1620718,18.4318161,0.0408375338
759116200002559,0,58734.1746412,18.4252701,0.040656399
759116200002559,0,58734.2016667,18.1680126,0.0343116447
759116200002559,0,58737.1341551,18.5529633,0.0443852097
759116200002559,0,58749.1356597,18.4468708,0.0412581302
759116200002559,0,58760.1428009,18.3878651,0.0396411642
759116200002559,0,58772.119375,18.2972374,0.0373167135
759116200002559,0,58831.5702662,18.3781052,0.0393817611
759116200002559,32768,58838.4875694,18.1664925,0.0342783369
759116200002559,0,58850.5493866,18.1675987,0.0343025737
759116200002559,0,58853.5283565,18.2037601,0.0351083353
759116200002559,0,58856.4094213,18.184639,0.0346789956
759116200002559,0,58856.5571875,18.2818565,0.0369405225
759116200002559,0,58861.4904514,18.193676,0.034880992
759116200002559,0,58861.5165972,18.2390747,0.0359209552
759116200002559,0,58862.4769907,18.2167015,0.0354031362
759116200002559,0,58862.4945833,18.29562,0.0372769311
759116200002559,0,58863.4268519,18.2477932,0.0361255854
759116200002559,0,58863.4277546,18.2091522,0.0352307409
759116200002559,0,58863.4524884,18.2796516,0.0368870087
759116200002559,0,58864.4434954,18.3205948,0.0378979854
759116200002559,0,58864.4699306,18.3263092,0.038042061
759116200002559,0,58872.4346991,18.3200188,0.0378835127
759116200002559,32768,58872.4507407,18.2677727,0.0366005674
759116200002559,0,58875.4721412,18.2566242,0.0363344811
759116200002559,0,58876.5184606,18.3045425,0.0374972001
759116200002559,0,58876.5260185,18.3578701,0.0388510339
759116200002559,0,58877.5402199,18.2036209,0.0351051763
759116200002559,0,58878.5282523,18.255024,0.0362964869
759116200002559,0,58880.475544,18.3704681,0.0391803458
759116200002559,0,58880.4972222,18.2659492,0.0365568586
759116200002559,0,58881.5091782,18.284214,0.0369978584
759116200002559,0,58883.4744213,18.1033001,0.0329332463
759116200002559,0,58883.4957176,18.1772518,0.034515094
759116200002559,0,58884.4221412,18.1306171,0.0335052684
759116200002559,0,58884.4483681,18.2478905,0.0361278616
759116200002559,0,58884.4497569,18.1836472,0.034656927
759116200002559,0,58885.4294792,18.2058258,0.0351551659
759116200002559,0,58885.4575,18.2160721,0.0353887193
759116200002559,0,58886.4527083,18.219368,0.0354643092
759116200002559,0,58886.4945833,18.2287369,0.0356803983
759116200002559,0,58887.453669,18.1162415,0.0332024768
759116200002559,0,58887.4545602,18.2481575,0.0361341536
759116200002559,0,58887.4676389,18.2377262,0.0358894542
759116200002559,0,58888.5378356,17.9631481,0.0302119609
759116200002559,0,58890.5272569,18.1349487,0.0335972905
759116200002559,0,58890.5281481,18.1617374,0.0341744199
759116200002559,0,58890.5579745,18.12533,0.0333934501
759116200002559,0,58890.5664468,17.9984207,0.0308644027
759116200002559,0,58891.4533449,18.2844067,0.0370025337
759116200002559,0,58891.4645139,18.2449875,0.0360595509
759116200002559,0,58892.3647222,18.3546333,0.0387670286
759116200002559,0,58892.3837153,18.2190952,0.0354580432
759116200002559,0,58893.4729167,18.2602482,0.0364206843
759116200002559,0,58893.496088,18.2394943,0.0359307677
759116200002559,0,58893.4969907,18.2775192,0.0368353836
759116200002559,0,58898.4328588,18.3062019,0.037538372
759116200002559,0,58898.4464583,18.2879486,0.0370889008
759116200002559,0,58898.4474074,18.3179264,0.0378309824
759116200002559,0,58898.5468634,18.3049641,0.0375076644
759116200002559,0,58899.4282523,18.3414726,0.0384279005
759116200002559,0,58899.5316204,18.2475262,0.0361192971
759116200002559,0,58899.5325231,18.3000622,0.0373863764
759116200002559,0,58900.3920139,18.2840767,0.0369944945
759116200002559,32768,58900.5316898,18.38274,0.0395046696
759116200002559,32768,58900.5325926,18.5752029,0.0450783223
759116200002559,0,58903.3605093,18.2527103,0.0362416729
759116200002559,0,58903.5390741,18.2464371,0.0360936411
759116200002559,0,58904.4475116,18.1735497,0.034433376
759116200002559,0,58904.4484491,18.249382,0.0361630246
759116200002559,0,58906.3397338,18.1630363,0.034202747
759116200002559,0,58906.5344213,18.1733742,0.0344294906
759116200002559,0,58906.5353241,18.1795406,0.0345657542
759116200002559,32768,58908.5338773,18.2138672,0.0353382677
759116200002559,0,58908.534838,18.191803,0.0348389968
759116200002559,0,58908.5556019,18.253809,0.0362676978
759116200002559,0,58911.4134722,18.2311859,0.0357371718
759116200002559,0,58911.4232986,18.1471519,0.0338584706
759116200002559,0,58911.4242361,18.1821384,0.0346233845
759116200002559,0,58912.5149074,18.2149258,0.0353624709
759116200002559,0,58912.5167708,18.2045841,0.0351269953
759116200002559,0,58912.5515278,18.1939049,0.0348861292
759116200002559,0,58913.5127778,18.1846962,0.0346802697
759116200002559,0,58913.5136806,18.2229023,0.0355456211
759116200002559,0,58914.4363542,18.2004585,0.0350336581
759116200002559,0,58914.441713,18.2046299,0.0351280533
759116200002559,0,58914.4985995,18.1942902,0.0348947719
759116200002559,0,58915.4662963,18.1736984,0.0344366357
759116200002559,32768,58915.4925347,18.1822338,0.0346255004
759116200002559,0,58936.4707407,18.3925152,0.0397655629
759116200002559,0,58936.4721296,18.3908386,0.0397206657
759116200002559,0,58936.4828009,18.3587303,0.0388733819
759116200002559,32768,58939.4513194,18.4218445,0.0405620076
759116200002559,32768,58940.4774769,18.4078522,0.0401794836
759116200002559,0,58940.4784259,18.4397697,0.0410590433
759116200002559,0,58941.4678356,18.3738251,0.0392687134
759116200002559,0,58941.4719907,18.425457,0.040661566
759116200002559,0,58941.4996875,18.3721218,0.0392238386
759116200002559,0,58943.425463,18.385746,0.0395846739
759116200002559,0,58944.4552546,18.4244061,0.0406325608
759116200002559,0,58944.4727315,18.4749813,0.0420585573
759116200002559,0,58944.4983449,18.4698124,0.0419098921
759116200002559,0,58954.3924306,18.2186623,0.0354481079
759116200002559,0,58954.3933333,18.2742672,0.0367568024
759116200002559,0,58954.4119444,18.2932892,0.0372196473
759116200002559,0,58955.3310764,18.3290253,0.038110774
759116200002559,0,58955.4061458,18.298502,0.0373478755
759116200002559,0,58955.407037,18.2828617,0.0369649455
759116200002559,0,58956.3673727,18.398859,0.0399360955
759116200002559,0,58956.3682755,18.3363342,0.0382965468
759116200002559,0,58956.3806713,18.3297844,0.0381300189
759116200002559,0,58962.3491667,18.2359772,0.0358486548
759116200002559,0,58962.3598264,18.2187042,0.035449069
759116200002559,0,58962.3607292,18.2342529,0.0358084701
759116200002559,0,58963.2766319,18.2750874,0.0367766023
759116200002559,0,58963.2967014,18.2520924,0.0362270623
759116200002559,0,58963.3004282,18.2638683,0.0365070552
759116200002559,0,58963.3239699,18.2409706,0.0359653048
759116200002559,0,58963.3408333,18.2527046,0.0362415612
759116200002559,0,58963.3624306,18.2411766,0.0359701365
759116200002559,0,58963.3633449,18.2192554,0.0354617089
759116200002559,0,58963.3939352,18.264864,0.0365308896
759116200002559,0,58964.3500579,18.2391357,0.0359223746
759116200002559,0,58964.3533102,18.2164803,0.0353980549
759116200002559,0,58964.3699306,18.1902065,0.0348032303
759116200002559,0,58965.4083912,18.2479553,0.0361294039
759116200002559,0,58965.4093519,18.2378464,0.0358922668
759116200002559,0,58965.4203935,18.2307014,0.03572594
759116200002559,0,58966.4043981,18.2287464,0.0356806181
759116200002559,0,58966.4131944,18.1935577,0.0348783433
759116200002559,0,58966.4319444,18.2378483,0.0358922929
759116200002559,0,58967.2694444,18.2278957,0.0356609114
759116200002559,0,58967.2795255,18.2356834,0.0358417928
759116200002559,0,58967.2869907,18.2342453,0.0358083062
759116200002559,0,58968.286713,18.2339821,0.0358021744
759116200002559,0,58968.3093866,18.2627697,0.0364808254
759116200002559,0,58968.3103241,18.2336655,0.0357947946
759116200002559,0,58970.2819907,18.2979431,0.0373340957
759116200002559,0,58970.3069907,18.2210236,0.0355023704
759116200002559,0,58970.3079282,18.2437897,0.0360314101
759116200002559,0,58971.2917824,18.2766724,0.0368148796
759116200002559,0,58971.3094792,18.291481,0.0371753313
759116200002559,0,58971.3104167,18.2478142,0.0361260623
759116200002559,0,58972.2600926,18.2718487,0.0366985127
759116200002559,0,58972.2773148,18.2436256,0.036027573
759116200002559,0,58972.2841667,18.253767,0.0362667069
759116200002559,0,58973.2346991,18.259182,0.0363952741
759116200002559,0,58973.2665046,18.2499371,0.0361761376
759116200002559,0,58973.4580093,18.2081337,0.0352075882
759116200002559,0,58974.2143403,18.3273964,0.0380695499
759116200002559,0,58974.4446296,18.3067245,0.0375513621
759116200002559,0,58974.4531944,18.2141914,0.0353456773
759116200002559,0,58975.1950231,18.192812,0.0348616056
759116200002559,0,58975.2547338,18.2002373,0.0350286812
759116200002559,32768,58975.277037,18.2745914,0.0367646292
759116200002559,0,58975.4236111,18.2442703,0.0360426903
759116200002559,0,58976.2002546,18.1247749,0.0333817303
759116200002559,0,58976.2147106,18.2453175,0.0360673144
759116200002559,0,58976.4450347,18.1775436,0.0345215499
759116200002559,32768,58977.1963426,18.2812119,0.0369248614
759116200002559,0,58977.3409954,18.2690926,0.0366322398
759116200002559,32768,58977.4240741,18.1930008,0.0348658264
759116200002559,0,58978.1977546,18.1670837,0.0342912897
759116200002559,0,58978.2141088,18.1447926,0.0338077284
759116200002559,0,58978.4437269,18.1820297,0.0346209742
759116200002559,0,58979.2046181,18.1438789,0.033788126
759116200002559,0,58979.2406713,18.1609459,0.0341571644
759116200002559,0,58979.4240278,18.1669006,0.0342872627
759116200002559,0,58980.2075579,18.1713638,0.0343852416
759116200002559,0,58980.2144213,18.1428528,0.0337661132
759116200002559,0,58980.443912,18.1531258,0.0339873694
759116200002559,0,58981.193287,18.1370907,0.033642929
759116200002559,0,58981.3093403,18.1118393,0.0331105366
759116200002559,0,58981.4237847,18.1392632,0.0336892977
759116200002559,0,58984.4301042,18.0930138,0.0327214897
759116200002559,0,58985.3010764,18.1122208,0.0331184901
759116200002559,0,58986.2143519,18.122057,0.0333244838
759116200002559,0,58986.4436458,18.0891533,0.0326425359
759116200002559,0,58987.1947801,18.1374016,0.0336495414
759116200002559,0,58987.4223843,18.1057053,0.0329830535
759116200002559,0,58991.1963542,18.0693245,0.0322412848
759116200002559,0,58991.3120833,18.0524044,0.0319045931
759116200002559,0,58991.4225116,18.0675888,0.0322065055
759116200002559,0,58992.2140972,18.0484123,0.0318259001
759116200002559,0,58992.4445833,18.0572853,0.0320011824
759116200002559,0,58994.2159722,18.0320778,0.0315068811
759116200002559,0,58994.2626157,18.0619087,0.0320930704
759116200002559,0,58994.4432292,17.9869499,0.0306498967
759116200002559,0,58995.1936806,18.023819,0.031347394
759116200002559,0,58995.4239005,18.0679626,0.0322140008
759116200002559,0,58996.2141782,18.027092,0.0314104632
759116200002559,0,58996.443125,18.0426083,0.0317119993
759116200002559,0,58997.1962384,18.0043526,0.0309762079
759116200002559,0,58997.2201505,18.0180073,0.0312358811
759116200002559,0,58997.4229398,18.0033226,0.0309567526
759116200002559,0,58998.2177315,18.0209999,0.0312932469
759116200002559,0,58998.4429051,18.011404,0.031109903
759116200002559,0,58999.1952662,17.9790401,0.0305033028
759116200002559,32768,58999.4228472,17.8417549,0.0281215776
759116200002559,0,59000.2261343,17.963129,0.0302116144
759116200002559,0,59000.2475231,18.0013943,0.0309203658
759116200002559,0,59001.1933796,18.0537281,0.0319307372
759116200002559,0,59001.4226736,17.9825058,0.0305674002
759116200002559,32768,59002.4227199,17.7632236,0.0268890653
759116200002559,0,59004.2135648,18.0359058,0.0315812342
759116200002559,0,59004.3819329,17.9883537,0.0306760352
759116200002559,0,59005.1930903,17.9987564,0.030870704
759116200002559,0,59008.3819329,17.9955254,0.0308100469
759116200002559,0,59009.1944676,17.9539833,0.030045867
759116200002559,0,59009.3825116,18.0460949,0.031780351
759116200002559,0,59010.3824421,18.0153694,0.0311854593
759116200002559,0,59011.1947222,18.0224953,0.031321954
759116200002559,0,59011.3821528,17.9969234,0.0308362767
759116200002559,0,59012.213287,18.0542278,0.0319406167
759116200002559,0,59012.3013194,18.0276337,0.0314209089
759116200002559,0,59012.3820718,17.992897,0.0307608247
759116200002559,0,59013.2060069,18.0674286,0.0322033055
759116200002559,0,59013.3819329,18.0064621,0.0310161002
759116200002559,0,59014.213287,18.0430717,0.0317210779
759116200002559,0,59014.3811343,18.0368538,0.0315996781
759116200002559,0,59015.1942477,18.0580616,0.0320165791
759116200002559,0,59015.3821412,17.9971466,0.0308404621
759116200002559,0,59016.2078125,18.0107574,0.0310976207
759116200002559,32768,59016.3808681,17.9431591,0.0298514869
759116200002559,0,59017.194838,18.033844,0.0315411575
759116200002559,0,59018.2197801,18.0382385,0.0316266418
759116200002559,0,59018.3807639,18.0145988,0.0311707631
759116200002559,0,59019.1941782,18.032093,0.0315071866
759116200002559,0,59019.261331,17.997036,0.0308383796
759116200002559,0,59019.3812269,18.048336,0.0318244025
759116200002559,0,59020.213588,18.0010834,0.0309145041
759116200002559,0,59020.38,18.0567894,0.0319913477
759116200002559,0,59021.1928241,18.0458565,0.0317756757
759116200002559,0,59022.2135301,18.0347939,0.0315596089
759116200002559,0,59022.3801273,18.0383892,0.0316295922
759116200002559,0,59023.225787,17.9992218,0.030879464
759116200002559,0,59023.3231481,18.0343513,0.0315510184
759116200002559,32768,59024.276875,18.0181503,0.0312386248
759116200002559,32768,59025.2243981,18.048584,0.0318292826
759116200002559,0,59025.2380093,18.007925,0.0310438406
759116200002559,0,59025.2389583,18.06567,0.032168135
759116200002559,32768,59026.2267361,18.1344261,0.0335861556
759116200002559,32768,59026.2348727,17.9921303,0.0307464954
759116200002559,0,59027.2059259,18.0513344,0.0318834633
759116200002559,0,59027.2183218,18.052597,0.0319083817
759116200002559,0,59028.3499884,17.9386864,0.0297717284
759116200002559,0,59029.2368634,17.9273949,0.0295718312
759116200002559,0,59029.2709722,17.8758049,0.0286844932
759116200002559,0,59030.325625,17.9223213,0.029482685
759116200002559,0,59030.3472222,17.9855137,0.0306232199
759116200002559,0,59031.1828009,18.0460663,0.0317797884
759116200002559,0,59031.2087731,18.0530949,0.0319182277
759116200002559,0,59031.3213889,18.026516,0.0313993581
759116200002559,0,59032.207037,18.0275841,0.0314199701
759116200002559,0,59032.3864352,17.9752998,0.0304343645
759116200002559,0,59033.2042708,18.0145683,0.0311701726
759116200002559,0,59033.2288657,18.0298882,0.0314645022
759116200002559,0,59033.2448495,18.0038071,0.0309658926
759116200002559,0,59034.1715741,17.9120598,0.0293036532
759116200002559,0,59034.2021412,17.9747505,0.0304242522
759116200002559,0,59034.2031019,17.9970474,0.030838605
759116200002559,0,59034.2323032,18.0272713,0.0314139165
759116200002559,0,59035.2197222,17.9821587,0.0305609759
759116200002559,0,59036.2052546,18.051033,0.031877514
759116200002559,0,59036.2061921,17.9919434,0.0307429973
759116200002559,0,59036.2314931,17.9761658,0.0304502975
759116200002559,0,59037.2225694,17.8719864,0.0286204852
759116200002559,0,59037.232419,17.9120312,0.029303154
759116200002559,0,59037.2662269,18.0488548,0.0318346061
759116200002559,0,59037.3383333,17.9483624,0.0299446881
759116200002559,0,59038.2382292,18.0141602,0.0311623961
759116200002559,0,59038.2612153,18.0206108,0.0312857702
759116200002559,0,59038.2760648,18.018158,0.0312387813
759116200002559,0,59039.1839931,18.0673428,0.0322015919
759116200002559,0,59039.2011574,17.9812965,0.0305450205
759116200002559,0,59040.2241551,18.0433083,0.0317257047
759116200002559,0,59040.2260532,18.0473595,0.0318052024
759116200002559,32768,59040.2364699,18.0491867,0.0318411291
759116200002559,0,59041.2064931,18.0815239,0.0324872993
759116200002559,0,59041.2074537,18.0812759,0.0324822702
759116200002559,0,59041.3626042,18.0139389,0.0311581679
759116200002559,0,59042.2023843,18.0941429,0.0327446312
759116200002559,0,59042.2061574,18.0813637,0.0324840322
759116200002559,0,59042.3175463,18.0592804,0.0320407972
759116200002559,0,59043.1962153,18.0648613,0.0321519636
759116200002559,0,59043.1971759,18.1304588,0.0335019082
759116200002559,0,59043.2188079,18.0817623,0.032492131
759116200002559,0,59044.1998727,18.0804119,0.0324647576
759116200002559,0,59044.2008218,18.0531273,0.0319188647
759116200002559,0,59044.373669,17.9814091,0.0305470936
759116200002559,0,59045.248588,18.0150108,0.0311786346
759116200002559,0,59045.2546528,18.0823021,0.0325030871
759116200002559,0,59045.2853125,18.0326424,0.0315178409
759116200002559,0,59046.2226968,18.0620041,0.0320949666
759116200002559,0,59046.2236574,18.0409355,0.031679295
759116200002559,0,59046.3508218,18.0402966,0.0316668078
759116200002559,0,59047.2453241,18.0464306,0.0317869298
759116200002559,0,59047.2920718,18.0357761,0.0315787084
759116200002559,0,59048.2654282,18.0032501,0.030955378
759116200002559,0,59049.2026273,18.029232,0.0314517953
759116200002559,0,59049.3172338,17.9995613,0.0308858566
759116200002559,0,59051.1812616,18.0229969,0.0313315988
759116200002559,0,59051.1851389,17.9992447,0.0308798905
759116200002559,0,59051.3206597,18.0167542,0.0312119201
759116200002559,0,59052.2856713,18.0520935,0.0318984501
759116200002559,0,59052.3204514,18.0406494,0.0316737033
759116200002559,0,59053.2044792,18.039114,0.0316437297
759116200002559,0,59053.3425116,18.0169373,0.031215433
759116200002559,0,59054.2476852,18.0085983,0.031056596
759116200002559,0,59054.2641088,18.026062,0.0313905999
759116200002559,0,59055.3119444,17.9532738,0.0300330706
759116200002559,0,59056.2826736,17.996067,0.0308201946
759116200002559,0,59057.2652315,17.9358978,0.0297221746
759116200002559,0,59059.2806019,17.968174,0.030303644
759116200002559,0,59059.2939236,17.9545364,0.0300558507
759116200002559,0,59060.218912,17.9481201,0.0299403444
759116200002559,0,59060.3133912,17.8838196,0.0288195871
759116200002559,0,59061.1726389,17.9440804,0.0298679601
759116200002559,0,59063.2459606,17.8964462,0.02903446
759116200002559,0,59063.2637269,17.9259567,0.0295465291
759116200002559,0,59064.2008218,17.8684273,0.0285610147
759116200002559,0,59065.1979514,17.9282475,0.029586846
759116200002559,0,59066.2047338,17.9739857,0.030410178
759116200002559,0,59066.2994444,17.8416615,0.0281200651
759116200002559,0,59067.2032986,17.9828262,0.0305733439
759116200002559,0,59067.2215046,17.9739304,0.0304091722
759116200002559,0,59068.1839236,18.0022411,0.0309363492
759116200002559,0,59070.2216667,18.0223389,0.0313189514
759116200002559,0,59072.2159722,17.9800148,0.0305213183
759116200002559,0,59073.2191319,18.0295067,0.0314571187
759116200002559,0,59073.2406134,18.0158195,0.0311940629
759116200002559,0,59074.2046181,18.0221291,0.0313149206
759116200002559,32768,59075.1771759,17.7924614,0.0273374747
759116200002559,0,59075.2058218,18.0173054,0.0312224515
759116200002559,0,59076.1793519,18.0004349,0.030902287
759116200002559,0,59077.2189236,17.9540062,0.030046273
759116200002559,0,59077.2430208,17.9855404,0.0306237042
759116200002559,0,59079.1810069,17.9954472,0.0308085717
759116200002559,32768,59080.1960185,17.9458523,0.0298996642
759116200002559,0,59081.2210648,18.0158043,0.0311937686
759116200002559,0,59081.2461227,17.9986248,0.0308682378
759116200002559,32768,59082.2020486,17.9533348,0.0300341658
759116200002559,32768,59083.1428819,18.0844078,0.032545846
759116200002559,0,59084.1662037,17.977663,0.0304778926
759116200002559,0,59085.2466435,17.9416618,0.0298247505
759116200002559,0,59087.1815972,17.9882622,0.0306743272
759116200002559,0,59089.2402083,17.969738,0.0303322561
759116200002559,0,59091.2170023,17.9507561,0.0299877133
759116200002559,0,59091.2303241,17.9821243,0.0305603333
759116200002559,0,59186.531169,17.6657486,0.0254795346
759116200002559,0,59188.5344676,18.1589127,0.034112893
759116200002559,0,59194.5454051,18.1646366,0.0342377201
759116200002559,0,59199.5389236,18.1414795,0.0337366946
759116200002559,0,59202.5096991,18.115715,0.0331914537
759116200002559,0,59204.4767593,18.1472054,0.0338595957
759116200002559,0,59215.4932176,17.9655704,0.0302560963
759116200002559,0,59217.5299884,18.0104446,0.0310916565
759116200002559,0,59218.4736458,17.959507,0.0301458146
759116200002559,0,59219.4504977,17.9828072,0.0305729881
759116200002559,0,59221.5172454,17.9934731,0.0307715945
759116200002559,0,59223.5294329,17.9939442,0.0307804327
759116200002559,0,59225.4885995,17.8889313,0.0289062746
759116200002559,0,59227.4870255,17.9460068,0.0299024433
759116200002559,0,59229.5552315,17.8307228,0.0279429704
759116200002559,0,59231.4515972,18.0730438,0.0323159955
759116200002559,0,59249.4525694,17.9620399,0.0301917959
759116200002559,0,59251.4340972,18.0302238,0.0314709805
759116200002559,0,59253.5330093,18.0333176,0.0315309279
759116200002559,0,59255.5380903,17.9913902,0.0307326633
759116200002559,0,59258.3871296,17.9645538,0.0302375574
759116200002559,0,59262.5107407,18.017437,0.0312249847
759116200002559,0,59264.4934838,18.0299301,0.0314653069
759116200002559,0,59266.5002083,18.0040627,0.0309707355
759116200002559,0,59270.4578241,17.9523201,0.0300158784
759116200002559,0,59272.4348264,17.9843063,0.0306007955
759116200002559,0,59274.4753472,17.9739571,0.0304096546
759116200002559,0,59275.4553125,18.0652809,0.0321603455
759116200002559,0,59276.4560301,18.0642109,0.0321389921
759116200002559,0,59278.344919,18.0604744,0.0320645198
759116200002559,0,59280.4135301,18.0694923,0.0322446562
759116200002559,0,59280.4144792,18.0238323,0.0313476697
759116200002559,0,59290.404919,18.0624371,0.0321036167
759116200002559,0,59291.4951505,18.0516129,0.0318889655
759116200002559,0,59294.262662,17.9715805,0.0303660333
759116200002559,0,59294.2635995,18.0155029,0.0311880093
759116200002559,0,59295.3050463,18.0479298,0.0318164043
759116200002559,0,59297.3278009,18.0840054,0.032537654
759116200002559,0,59297.3316088,18.0220013,0.0313124694
759116200002559,0,59298.3247454,17.9752617,0.0304336622
759116200002559,0,59300.3633796,17.9447899,0.0298806485
759116200002559,0,59300.3643171,18.1408272,0.0337227359
759116200002559,0,59302.3423148,18.1206818,0.0332955867
759116200002559,0,59302.343287,18.136982,0.0336405896
759116200002559,0,59303.3932292,18.0331841,0.0315283388
759116200002559,0,59305.4128588,18.1240177,0.0333657712
759116200002559,0,59305.4137963,18.0932217,0.0327257626
759116200002559,0,59306.3492477,18.088131,0.0326216631
759116200002559,0,59307.326875,18.1086082,0.0330432989
759116200002559,0,59307.3287616,18.1145096,0.0331662595
759116200002559,0,59308.3700231,18.111702,0.0331076793
759116200002559,0,59309.342662,18.0880852,0.0326207392
759116200002559,0,59309.3436227,18.0788631,0.0324334092
759116200002559,32768,59310.3851736,18.0841808,0.0325412415
759116200002559,0,59311.3692708,18.1018562,0.0329034105
759116200002559,0,59311.3702199,18.1500206,0.0339202695
759116200002559,0,59312.3187847,18.085537,0.0325688086
759116200002559,0,59313.4698148,18.1028233,0.0329233892
759116200002559,0,59313.4737616,18.0866585,0.0325916484
759116200002559,0,59314.3881134,18.1139774,0.0331551544
759116200002559,32768,59315.3175926,18.1530037,0.0339847095
759116200002559,32768,59315.3185301,18.1407223,0.0337204896
759116200002559,0,59316.3651505,18.1141014,0.0331577435
759116200002559,0,59317.2592014,18.1806908,0.0345912576
759116200002559,0,59317.2679282,18.1206627,0.0332951881
759116200002559,0,59319.4081713,18.1081829,0.0330344588
759116200002559,0,59323.3050347,18.1494331,0.0339075923
759116200002559,0,59325.3714583,18.1382103,0.0336668156
759116200002559,0,59328.2289236,18.142889,0.0337669067
759116200002559,0,59328.3701505,18.1279449,0.0334487036
759116200002559,0,59329.2970718,18.1477585,0.0338715054
759116200002559,0,59329.3415856,18.1305656,0.0335041843
759116200002559,0,59329.467963,18.103899,0.0329456292
759116200002559,0,59334.2243171,18.1383934,0.0336707085
759116200002559,0,59334.4741898,18.1042404,0.0329527073
759116200002559,0,59335.2682639,18.1536522,0.0339987427
759116200002559,0,59335.2852199,18.1335297,0.0335670933
759116200002559,0,59335.4126736,18.16922,0.0343381353
759116200002559,0,59336.2677546,18.138298,0.0336686708
759116200002559,0,59336.4106944,18.156353,0.0340572894
759116200002559,0,59338.326169,18.1455097,0.03382314
759116200002559,0,59338.4098032,18.1531639,0.0339881927
759116200002559,0,59338.4107639,18.143465,0.0337792523
759116200002559,0,59340.3470486,18.2072926,0.0351884551
759116200002559,0,59340.3822569,18.1411877,0.0337304398
759116200002559,0,59340.3831944,18.1525803,0.0339755565
759116200002559,0,59341.3086574,18.1341629,0.0335805789
759116200002559,0,59341.3397222,18.1732712,0.0344272256
759116200002559,0,59342.347338,18.1025467,0.0329176672
759116200002559,0,59342.3610648,18.1242065,0.0333697684
759116200002559,0,59342.3848495,18.1456013,0.0338251181
759116200002559,0,59343.3876273,18.1142769,0.0331614055
759116200002559,0,59344.2792014,18.1059113,0.032987304
759116200002559,0,59344.321875,18.112381,0.0331218429
759116200002559,0,59345.3734259,18.0934181,0.032729771
759116200002559,0,59349.3695023,18.0415611,0.0316915289
759116200002559,0,59353.361169,18.0656815,0.0321683511
759116200002559,0,59356.3035648,18.0652161,0.0321590602
759116200002559,0,59356.3059144,18.0999336,0.0328637287
759116200002559,0,59358.402037,18.040308,0.0316670202
759116200002559,0,59359.2821181,18.1551781,0.0340317972
759116200002559,0,59359.2830556,18.0924187,0.0327093042
759116200002559,0,59361.2796296,18.0810966,0.0324786194
759116200002559,0,59362.2157523,18.1097794,0.0330676399
759116200002559,0,59362.2176273,18.1165924,0.0332098119
759116200002559,0,59363.2685764,18.1132851,0.0331406966
759116200002559,0,59364.2353125,18.0689049,0.0322328731
759116200002559,0,59365.2359954,18.0692062,0.0322389193
759116200002559,0,59365.3008102,18.1324024,0.0335431583
759116200002559,0,59366.2852778,18.1150856,0.0331782922
759116200002559,0,59366.2871875,18.0971375,0.0328061357
759116200002559,0,59367.307662,18.0615654,0.0320862345
759116200002559,0,59368.2028588,18.1076508,0.0330234133
759116200002559,0,59370.2416088,18.0803261,0.0324630179
759116200002559,32768,59372.3426042,18.4798851,0.0422002077
759116200002559,0,59375.2807176,18.1274261,0.033437714
759116200002559,0,59376.2358912,18.2236538,0.0355629288
759116200002559,0,59377.302037,18.2030945,0.035093274
759116200002559,0,59377.303669,18.1731606,0.0344247855
759116200002559,0,59378.2204282,18.1959629,0.0349323601
759116200002559,0,59379.3007523,18.2095413,0.0352396145
759116200002559,0,59379.3016898,18.1812172,0.0346029513
759116200002559,32768,59380.2863773,18.1995296,0.0350126997
759116200002559,32768,59381.2884028,18.1398449,0.0337017253
759116200002559,0,59383.2638773,18.252182,0.0362291783
759116200002559,0,59385.2872106,18.0966454,0.0327960365
759116200002559,0,59385.2881366,18.1808052,0.0345937982
759116200002559,0,59386.316956,18.1695824,0.0343460962
759116200002559,0,59386.3178935,18.1155357,0.0331877135
759116200002559,0,59387.3195602,18.2119198,0.0352938175
759116200002559,0,59387.3204977,18.2173233,0.0354174003
759116200002559,0,59390.2039005,18.2364674,0.0358600765
759116200002559,0,59390.20625,18.2196045,0.0354697332
759116200002559,0,59391.2076736,18.2293777,0.0356952548
759116200002559,0,59391.2086111,18.1865463,0.0347214863
759116200002559,0,59392.2236458,18.2578812,0.0363643393
759116200002559,0,59392.2269329,18.2415543,0.0359789841
759116200002559,0,59393.2622454,18.2520885,0.0362269767
759116200002559,0,59393.2990278,18.2527122,0.0362417288
759116200002559,0,59394.2189352,18.2758884,0.0367959477
759116200002559,0,59394.2198958,18.2831211,0.0369712673
759116200002559,32768,59395.2581713,18.3110733,0.0376595818
759116200002559,32768,59395.266956,18.3153419,0.0377662219
759116200002559,0,59396.2405671,18.2685032,0.0366180725
759116200002559,0,59397.2752431,18.3096485,0.0376240835
759116200002559,0,59397.2771296,18.2418251,0.0359853245
759116200002559,0,59399.250081,18.2531929,0.0362530984
759116200002559,0,59400.281412,18.2937508,0.037231002
759116200002559,0,59400.2823611,18.2808723,0.0369166173
759116200002559,0,59401.2384491,18.3004913,0.0373969749
759116200002559,0,59401.2393866,18.3220387,0.0379343107
759116200002559,0,59402.2855787,18.2676659,0.0365980007
759116200002559,0,59402.2865162,18.2016697,0.0350610241
759116200002559,0,59404.3280671,18.2597561,0.0364089571
759116200002559,0,59406.1990856,18.3119698,0.0376819372
759116200002559,0,59408.1958218,18.3357468,0.0382815637
759116200002559,0,59410.1995139,18.3153152,0.0377655327
759116200002559,0,59412.2422801,18.2973804,0.0373202302
759116200002559,0,59415.2618171,18.2984085,0.0373455845
759116200002559,0,59419.2199306,18.3420372,0.0384423472
759116200002559,0,59419.2208681,18.4672279,0.041835811
759116200002559,32768,59423.323044,18.1780128,0.0345319435
759116200002559,32768,59423.3239815,18.3120022,0.0376827456
759116200002559,0,59424.2419792,18.4281158,0.0407350138
759116200002559,0,59425.2175231,18.2999611,0.037383873
759116200002559,0,59425.2198843,18.4165611,0.0404170044
759116200002559,0,59427.2633912,18.3441658,0.0384969674
759116200002559,0,59427.2643287,18.40658,0.040144939
759116200002559,0,59428.2359028,18.3953457,0.0398415476
759116200002559,0,59429.2626389,18.3796329,0.0394222327
759116200002559,0,59429.2635764,18.3112488,0.0376639478
759116200002559,0,59430.2784375,18.3429737,0.0384663716
759116200002559,0,59434.2236921,18.3133621,0.0377167054
759116200002559,0,59436.2426389,18.3294258,0.0381209254
759116200002559,0,59439.1866898,18.2713776,0.0366871804
759116200002559,0,59441.2221875,18.3127365,0.037701074
759116200002559,0,59448.165787,18.2677956,0.0366011113
759116200002559,0,59449.2135648,18.354805,0.0387714729
759116200002559,0,59450.220162,18.2931175,0.0372154377
759116200002559,0,59451.2182986,18.1851883,0.0346912295
759116200002559,0,59453.1752431,18.2469826,0.0361064896
759116200002559,0,59454.1746065,18.2087994,0.0352227166
759116200002559,0,59455.2171991,18.2013969,0.0350548811
759116200002559,0,59461.1986806,18.2468224,0.036102701
759116200002559,0,59473.1793403,18.1828651,0.0346395411
759116200002559,0,59476.1585185,18.1683846,0.0343197994
759116200002559,0,59478.1571065,18.0652752,0.0321602263
759116200002559,0,59480.1572685,18.1543484,0.0340138189
759116200002559,0,59486.1362963,18.1857338,0.0347033665
759116200002559,0,59600.4116204,17.9959431,0.0308178663
759116200002559,0,59623.3229745,18.0414639,0.0316896141
759116200002559,0,59625.3499769,17.9836388,0.0305884145
759116200002559,0,59628.3912153,17.940937,0.02981182
759116200002559,0,59630.4511458,18.0421963,0.0317039303
759116200002559,0,59637.3884491,17.9904308,0.0307147484
759116200002559,0,59639.4293403,18.0099831,0.0310828947
759116200002559,0,59641.4345833,18.0823174,0.0325033739
759116200002559,0,59673.3466551,18.1644096,0.0342327468
759116200002559,0,59675.3690741,18.2172146,0.035414882
759116200002559,0,59677.3441088,18.1154995,0.0331869684
759116200002559,0,59679.2875231,18.211422,0.0352824479
759116200002559,0,59682.3891898,18.2415371,0.0359785967
759116200002559,0,59684.4456019,18.2892151,0.0371198654
759116200002559,0,59689.3093634,18.175148,0.0344686061
759116200002559,0,59693.4293171,18.2190437,0.0354568623
759116200002559,32768,59695.3651852,18.2626572,0.0364781208
759116200002559,0,59697.2802894,18.3108044,0.0376528651
759116200002559,0,59700.341956,18.280695,0.0369123332
759116200002559,0,59702.3078704,18.2944241,0.0372475125
759116200002559,0,59711.2421181,18.2693863,0.0366392881
759116200002559,0,59713.43125,18.1873016,0.0347383469
759116200002559,0,59715.2827315,18.2072964,0.0351885371
759116200002559,0,59722.3264236,18.1916256,0.0348350145
759116200002559,0,59722.4074537,18.2158012,0.0353825241
759116200002559,0,59724.3491551,18.216898,0.0354076438
759116200002559,0,59726.3252662,18.1892967,0.034782894
759116200002559,0,59729.3826042,18.2714634,0.0366892442
759116200002559,0,59731.3294097,18.2320061,0.0357562155
759116200002559,0,59733.3054977,18.2399273,0.0359408893
759116200002559,0,59735.2777662,18.2339401,0.0358011983
759116200002559,0,59737.1977083,18.2166405,0.0354017429
759116200002559,0,59739.3445949,18.2616539,0.0364541933
759116200002559,0,59741.2355671,18.3196163,0.0378733873
759116200002559,0,59743.2896528,18.2510757,0.036203023
759116200002559,0,59747.2915278,18.409584,0.0402265862
759116200002559,0,59749.2862963,18.3227119,0.037951272
759116200002559,0,59751.3278125,18.2783279,0.0368549414
759116200002559,0,59753.2848727,18.3137493,0.0377263874
759116200002559,0,59756.2587153,18.2658749,0.0365550853
759116200002559,0,59760.2439815,18.2658577,0.0365546569
759116200002559,0,59762.2177199,18.313343,0.0377162285
759116200002559,0,59764.2459144,18.2640247,0.0365108177
759116200002559,0,59766.2801389,18.2141647,0.0353450812
759116200002559,0,59769.278831,18.2375031,0.03588425
759116200002559,0,59771.2643634,18.2549076,0.036293745
759116200002559,0,59771.3291319,18.3038158,0.0374792106
759116200002559,0,59781.2424537,18.2921543,0.0371918119
759116200002559,0,59783.2834144,18.2994938,0.0373723395
759116200002559,0,59785.2187384,18.3328247,0.038207192
759116200002559,0,59787.2187153,18.3392467,0.038370911
759116200002559,0,59789.1877778,18.4023933,0.0400315262
759116200002559,32768,59794.3034722,18.4209805,0.0405382738
759116200002559,0,59798.2611574,18.3397903,0.0383848101
759116200002559,32768,59801.22625,18.4496021,0.0413350314
759116200002559,0,59803.207963,18.5510254,0.0443254337
759116200002559,0,59807.2589815,18.3627033,0.0389769264
759116200002559,0,59809.2447917,18.4068317,0.0401517674
759116200002559,0,59923.5140046,18.4518585,0.0413987152
759116200002559,0,59930.5347801,18.2455826,0.036073532
759116200002559,0,59935.4954514,18.5067635,0.0429876745
759116200002559,0,59937.540463,18.4616413,0.041676227
759116200002559,32768,59957.5320949,18.5442524,0.0441173762
759116200002559,0,59967.4950926,18.2510757,0.036203023
759116200002559,0,59969.3890394,18.431181,0.0408199057
759116200002559,0,59971.3717593,18.3938942,0.0398025513
759116200002559,0,59977.4550579,18.4830856,0.0422930084
759116200002559,0,59984.4910417,18.4585152,0.0415872969
759116200002559,0,59993.4706713,18.4080811,0.0401856974
759116200002559,0,59996.4679745,18.4747524,0.0420519635
759116200002559,0,60016.4066435,18.3563538,0.0388116464
759116200002559,0,60021.3427199,18.4430504,0.0411508642
759116200002559,0,60032.3075231,18.4709244,0.041941829
759116200002559,0,60042.3842361,18.4260464,0.0406778194
759116200002559,0,60044.3232176,18.4502792,0.041354131
759116200002559,0,60046.2872917,18.4658432,0.0417961739
759116200002559,0,60050.3623727,18.4822941,0.0422700346
759116200002559,0,60053.3864815,18.4016132,0.0400104187
759116200002559,0,60055.4284259,18.5014095,0.0428293124
759116200002559,0,60057.343125,18.4982681,0.0427367613
759116200002559,0,60059.3393403,18.458519,0.0415873975
759116200002559,0,60061.4056019,18.4080315,0.0401843414
759116200002559,0,60063.4300579,18.3977528,0.0399062894
759116200002559,0,60065.4730556,18.3070354,0.037559092
759116200002559,0,60073.2643171,18.4242878,0.0406293049
759116200002559,0,60077.3915278,18.3402042,0.0383954234
759116200002559,0,60079.3453472,18.3937569,0.0397988707
759116200002559,0,60081.3168866,18.4046745,0.0400932468
759116200002559,0,60083.3254167,18.4290237,0.0407601483
759116200002559,0,60085.3377315,18.3670635,0.0390909836
759116200002559,0,60087.262963,18.41716,0.0404334292
759116200002559,0,60089.2983449,18.385643,0.0395819023
759116200002559,0,60091.4316204,18.4310226,0.0408155471
759116200002559,0,60097.4290972,18.502018,0.0428472832
759116200002559,0,60099.2199653,18.4110794,0.0402672887
759116200002559,0,60101.2855324,18.4242859,0.0406292379
759116200002559,0,60103.2415509,18.4202309,0.0405176692
759116200002559,0,60110.2647917,18.434906,0.0409234054
759116200002559,0,60112.222581,18.4363422,0.0409634039
759116200002559,0,60114.2845602,18.4505653,0.0413621962
759116200002559,0,60116.3237963,18.377346,0.0393616669
759116200002559,0,60118.2582639,18.3019867,0.0374339186
759116200002559,0,60120.3272917,18.3400307,0.0383909717
759116200002559,0,60122.3048611,18.3069096,0.0375559516
759116200002559,0,60124.2664005,18.4284611,0.0407445766
759116200002559,0,60128.2011227,18.3521709,0.0387032628
