711204200004030,32768,58217.18875,18.7865353,0.0684338436
711204200004030,0,58217.2113426,18.8391304,0.0710903853
711204200004030,0,58218.2637384,18.8992786,0.0742594898
711204200004030,0,58219.2115162,18.8404026,0.071155943
711204200004030,0,58222.2550463,18.9064617,0.0746474937
711204200004030,0,58224.1871065,18.9763908,0.0785326883
711204200004030,0,58231.1717245,18.8629189,0.0723268166
711204200004030,0,58245.1576505,18.8617477,0.0722654611
711204200004030,0,58248.166169,18.7919712,0.0687035322
711204200004030,0,58262.179919,18.8540192,0.0718617141
711204200004030,0,58263.2,18.8175755,0.0699889213
711204200004030,32768,58267.2783681,18.7798424,0.0681033432
711204200004030,32768,58267.2792824,18.9470444,0.0768781826
711204200004030,0,58271.1827083,18.8927994,0.0739112869
711204200004030,0,58289.2228125,18.9554615,0.0773491636
711204200004030,0,58379.5256713,18.9987278,0.0798155293
711204200004030,0,58387.4869329,18.937748,0.0763613731
711204200004030,0,58390.5084375,19.0072289,0.0803091377
711204200004030,0,58397.5239352,19.0945568,0.0855541676
711204200004030,0,58422.5204977,19.0645924,0.0837184489
711204200004030,0,58423.5143634,18.9457455,0.0768057331
711204200004030,0,58423.5153009,19.0047722,0.080166243
711204200004030,0,58424.5373958,19.0354424,0.0819688812
711204200004030,0,58425.4855208,19.003952,0.0801185668
711204200004030,0,58426.5248843,19.017931,0.0809348449
711204200004030,0,58426.5258218,19.0761604,0.0844226554
711204200004030,0,58427.4948032,18.9197044,0.075368166
711204200004030,0,58428.5172917,19.0781937,0.0845470428
711204200004030,0,58429.5334606,19.0575085,0.0832900181
711204200004030,0,58429.5343981,19.0421333,0.0823672861
711204200004030,0,58430.4915394,19.0339794,0.0818819553
711204200004030,0,58431.528287,19.0263004,0.0814274698
711204200004030,0,58432.5328009,19.1132145,0.0867164433
711204200004030,0,58432.5337384,18.996109,0.0796640515
711204200004030,0,58434.4739699,18.97089,0.0782198682
711204200004030,0,58435.5106481,18.9943409,0.0795619637
711204200004030,0,58435.5141435,18.7612858,0.0671956688
711204200004030,0,58437.524537,19.023941,0.0812883228
711204200004030,0,58438.5338194,19.0424919,0.0823887065
711204200004030,0,58438.5347454,19.0729847,0.0842287689
711204200004030,0,58440.5358333,19.1027241,0.0860611647
711204200004030,0,58441.5264931,19.141758,0.0885231495
711204200004030,0,58441.527419,19.2567463,0.0961562544
711204200004030,0,58443.4432986,19.2863636,0.0982149839
711204200004030,0,58447.465706,19.1259708,0.0875195265
711204200004030,0,58447.4666435,19.2167797,0.0934383944
711204200004030,0,58447.5338194,18.9354382,0.0762334764
711204200004030,0,58447.5347454,19.0494804,0.0828070343
711204200004030,0,58448.486794,19.1336193,0.0880044028
711204200004030,0,58448.5327546,19.1615562,0.089796789
711204200004030,0,58449.5063773,19.2936516,0.0987273678
711204200004030,0,58450.5268981,19.359848,0.103487141
711204200004030,0,58450.5278588,19.2639389,0.0966526717
711204200004030,0,58455.4752778,19.3071823,0.0996848941
711204200004030,32768,58455.4762037,19.1931763,0.0918657854
711204200004030,32768,58455.5093866,19.1585598,0.0896029025
711204200004030,32768,58455.5103125,19.0736351,0.0842684731
711204200004030,0,58455.5300463,19.1846619,0.0913044438
711204200004030,0,58461.5284954,19.2022781,0.0924694315
711204200004030,0,58461.5294097,19.1370487,0.0882226303
711204200004030,0,58464.5323148,19.1533012,0.0892636776
711204200004030,0,58464.5332986,19.1286545,0.087689437
711204200004030,0,58465.4977662,19.2184238,0.0935488939
711204200004030,0,58468.4854167,19.1352673,0.0881092399
711204200004030,0,58471.5321065,19.0530815,0.0830232948
711204200004030,0,58471.5330671,19.0947075,0.085563533
711204200004030,0,58472.5466551,19.0567684,0.0832453668
711204200004030,0,58476.4441551,19.1638699,0.0899466649
711204200004030,0,58480.4489583,19.2449875,0.0953494385
711204200004030,0,58481.4415741,19.1963501,0.0920758918
711204200004030,0,58486.4654167,19.312767,0.100082323
711204200004030,0,58486.4663773,19.3618374,0.103633136
711204200004030,0,58487.4333333,19.3551044,0.103139788
711204200004030,0,58492.4918403,19.3547058,0.103110582
711204200004030,0,58493.5185995,19.2476463,0.0955313072
711204200004030,0,58502.5321181,19.2689838,0.0970022306
711204200004030,0,58507.2732292,19.222414,0.093817398
711204200004030,0,58508.2333218,19.301506,0.09928222
711204200004030,0,58508.2716782,19.0539799,0.0830773786
711204200004030,0,58509.2842361,19.15625,0.0894537196
711204200004030,32768,58514.4111227,19.3612785,0.10359209
711204200004030,32768,58514.4120833,19.3961506,0.106177755
711204200004030,0,58534.3191088,19.2227669,0.0938411802
711204200004030,0,58557.2473611,18.9918785,0.0794200227
711204200004030,0,58560.3413542,18.9985123,0.0798030347
711204200004030,0,58567.2237616,19.1151505,0.0868378878
711204200004030,0,58572.2240972,19.0784855,0.0845649168
711204200004030,32768,58575.2207292,19.0617409,0.0835457295
711204200004030,0,58580.2157986,19.0729294,0.0842254311
711204200004030,0,58584.1816551,19.1586304,0.0896074623
711204200004030,0,58594.161088,19.0329399,0.0818202794
711204200004030,0,58597.3465278,19.3635712,0.103760466
711204200004030,0,58608.2196065,19.1244278,0.0874220282
711204200004030,0,58612.1980671,19.1572495,0.0895182788
711204200004030,0,58617.2271759,19.4256001,0.108401865
711204200004030,0,58633.1828704,19.3750172,0.104604557
711204200004030,0,58634.1743519,19.3829899,0.105195791
711204200004030,0,58634.1813657,19.4658337,0.111499839
711204200004030,0,58637.1744792,19.367363,0.104039475
711204200004030,0,58640.2246875,19.3391266,0.101976767
711204200004030,0,58643.2448264,19.3681335,0.104096204
711204200004030,0,58646.2144329,19.3760586,0.104681566
711204200004030,0,58649.2203356,19.5643082,0.119365104
711204200004030,0,58747.5138773,19.213459,0.0932157412
711204200004030,0,58747.5189005,19.2313042,0.0944180787
711204200004030,0,58747.5239352,19.1981487,0.0921951532
711204200004030,0,58749.5142708,19.2507629,0.0957449824
711204200004030,0,58749.5192708,19.3826408,0.105169833
711204200004030,0,58749.5242824,19.1906738,0.0917004868
711204200004030,0,58757.5098264,19.1399002,0.0884044617
711204200004030,0,58760.5140856,19.273407,0.0973096639
711204200004030,0,58764.4934954,19.248476,0.0955881402
711204200004030,0,58776.5061343,19.3514633,0.102873743
711204200004030,0,58785.5052431,19.3395252,0.10200569
711204200004030,0,58788.534375,19.308876,0.0998052284
711204200004030,0,58791.5049306,19.2771549,0.0975707918
711204200004030,0,58799.4727546,19.3078194,0.099730134
711204200004030,32768,58823.5402894,18.9656162,0.0779211372
711204200004030,0,58827.4477083,19.2944565,0.0987840891
711204200004030,0,58830.4352894,19.1477814,0.088908799
711204200004030,0,58830.447963,19.2751846,0.0974334255
711204200004030,0,58833.4584259,19.1485329,0.0889570788
711204200004030,0,58833.4675463,19.0960178,0.0856446698
711204200004030,0,58836.4884491,19.2032146,0.0925316811
711204200004030,0,58837.4553819,19.2306404,0.094373174
711204200004030,0,58846.4302894,19.2711563,0.0971531421
711204200004030,0,58846.4516319,19.2275448,0.0941636786
711204200004030,0,58846.4526505,19.3827343,0.105176747
711204200004030,0,58849.444213,19.1829185,0.0911899135
711204200004030,0,58849.4451389,19.2675667,0.0969039872
711204200004030,0,58851.4507523,19.2919426,0.0986070484
711204200004030,0,58851.4856944,19.3208199,0.100657947
711204200004030,0,58852.4484491,19.3657913,0.103923701
711204200004030,0,58852.4511921,19.2608566,0.0964396894
711204200004030,0,58855.5266319,19.3170204,0.100385971
711204200004030,0,58855.5344792,19.269989,0.0970720723
711204200004030,0,58856.3315856,19.1097279,0.0864981189
711204200004030,0,58859.2903125,19.404768,0.106824666
711204200004030,0,58859.4532639,19.2124977,0.0931513086
711204200004030,0,58860.3509722,19.2577763,0.0962271988
711204200004030,0,58860.3518981,19.2223892,0.0938157067
711204200004030,0,58861.3294329,19.0807648,0.084704563
711204200004030,0,58862.3398495,19.2154179,0.0933470428
711204200004030,0,58863.3587731,19.3262634,0.101048574
711204200004030,0,58864.3425,19.3189354,0.100522995
711204200004030,0,58866.3448958,19.2954292,0.098852694
711204200004030,0,58867.3678935,19.2014446,0.0924139395
711204200004030,0,58871.3175347,19.3027725,0.0993719026
711204200004030,0,58871.3273264,19.2793694,0.0977253169
711204200004030,32768,58872.3247569,19.2553215,0.0960581899
711204200004030,0,58873.3027315,19.2355385,0.0947054103
711204200004030,0,58873.3041088,19.1602821,0.0897143036
711204200004030,32768,58874.2938194,19.3755112,0.10464105
711204200004030,0,58874.3024074,19.239069,0.094945617
711204200004030,0,58874.3033333,19.2751846,0.0974334255
711204200004030,0,58875.3030208,19.3251934,0.100971654
711204200004030,0,58875.3039468,19.2974434,0.0989949033
711204200004030,0,58876.3061227,19.2224159,0.0938174725
711204200004030,0,58876.3070255,19.2628517,0.0965774804
711204200004030,0,58877.3152662,19.1575489,0.0895376056
711204200004030,0,58877.3182176,19.2181721,0.0935319215
711204200004030,0,58877.3191319,19.2530994,0.0959054008
711204200004030,0,58878.3321991,19.1539268,0.0893039852
711204200004030,0,58878.333125,19.1939201,0.0919149891
711204200004030,0,58879.3150694,19.0980453,0.0857703984
711204200004030,0,58879.327581,19.1887703,0.0915748924
711204200004030,0,58880.2967824,19.1950302,0.0919884965
711204200004030,0,58880.2981597,19.2107277,0.0930329412
711204200004030,0,58880.2990856,19.3059292,0.0995958149
711204200004030,0,58881.3644907,19.2123356,0.0931404606
711204200004030,0,58881.3654167,19.2670345,0.0968670398
711204200004030,0,58883.2770949,19.3073082,0.0996937901
711204200004030,0,58883.2780093,19.0931587,0.0854677185
711204200004030,0,58883.2833218,19.1317234,0.0878840014
711204200004030,0,58884.2359954,19.2812634,0.0978576988
711204200004030,0,58884.2431019,19.1321869,0.0879134461
711204200004030,0,58886.2768403,19.3148155,0.100228518
711204200004030,0,58886.2777431,19.2589645,0.0963091329
711204200004030,0,58886.2786458,19.5349388,0.116978221
711204200004030,0,58890.420081,19.0212593,0.0811304003
711204200004030,0,58891.2979167,19.1805,0.0910311863
711204200004030,0,58891.303206,19.4121552,0.107381828
711204200004030,0,58891.3041319,19.2921638,0.098622568
711204200004030,0,58892.2466782,19.2610435,0.0964526087
711204200004030,0,58892.2476042,19.1942101,0.0919342339
711204200004030,0,58893.2796412,19.2610512,0.0964531004
711204200004030,0,58893.2805787,19.1804352,0.0910268873
711204200004030,0,58893.3316551,19.2212677,0.0937401578
711204200004030,0,58894.2589815,19.228653,0.0942385718
711204200004030,0,58894.2663079,19.2915535,0.0985796079
711204200004030,0,58894.2672338,19.2462063,0.0954327509
711204200004030,0,58895.2672685,19.1465034,0.0888268426
711204200004030,0,58895.2681944,19.330307,0.101339594
711204200004030,0,58896.2776852,19.236639,0.0947802812
711204200004030,0,58896.2837616,19.3172131,0.100399785
711204200004030,0,58898.3228472,19.2431107,0.0952211767
711204200004030,0,58898.32375,19.3567543,0.103260495
711204200004030,0,58899.2772917,19.2128658,0.09317597
711204200004030,0,58899.3247454,19.2101593,0.0929949209
711204200004030,0,58900.231331,19.1878796,0.0915162116
711204200004030,0,58900.233588,19.3647079,0.103844076
711204200004030,0,58903.2216782,19.2594318,0.096341379
711204200004030,0,58903.2226042,19.3462467,0.102493659
711204200004030,0,58904.2144676,19.2086868,0.0928965509
711204200004030,0,58905.2137616,19.1647663,0.0900048167
711204200004030,0,58906.2374769,19.2872543,0.098277472
711204200004030,0,58906.2384028,19.2115631,0.093088761
711204200004030,0,58909.3279514,19.2125759,0.0931565836
711204200004030,0,58909.3289352,19.3223858,0.100770146
711204200004030,0,58912.2184838,19.2208633,0.0937129408
711204200004030,0,58912.2245949,19.304615,0.0995025709
711204200004030,0,58913.2037153,19.3060055,0.0996012315
711204200004030,0,58913.2383912,19.3307686,0.101372845
711204200004030,0,58914.3424769,19.4820709,0.11276938
711204200004030,0,58915.3626505,19.2002754,0.0923363045
711204200004030,0,58915.370706,19.4770184,0.112373091
711204200004030,0,58939.1562384,19.3325272,0.101499639
711204200004030,0,58939.1885417,19.2975655,0.0990034863
711204200004030,0,58939.2160532,19.4080162,0.107069373
711204200004030,0,58944.1699537,19.4845181,0.112961665
711204200004030,0,58944.1714005,19.2928486,0.0986708403
711204200004030,0,58954.2215162,19.282896,0.0979719684
711204200004030,0,58954.2377315,19.257143,0.0961835906
711204200004030,0,58955.2476273,19.2805347,0.0978067666
711204200004030,0,58956.2533218,19.3077011,0.0997217447
711204200004030,0,58962.1777662,19.1849785,0.0913252905
711204200004030,0,58962.1862037,19.278553,0.0976683721
711204200004030,0,58964.2145949,19.2516518,0.0958059281
711204200004030,0,58965.1784491,19.3239422,0.10088186
711204200004030,0,58966.1804977,19.4005032,0.10650412
711204200004030,0,58967.1816551,19.2893066,0.0984215736
711204200004030,0,58968.1706481,19.3189926,0.100527093
711204200004030,0,58968.1807639,19.2379665,0.0948705375
711204200004030,0,58971.1705556,19.0625801,0.0835965276
711204200004030,0,58971.1781944,19.4049625,0.106839374
711204200004030,0,58973.1748843,19.1556263,0.0894134939
711204200004030,0,58974.247037,19.1248131,0.0874463543
711204200004030,0,58974.2479745,19.2531281,0.0959073752
711204200004030,0,58975.1850347,19.2335205,0.0945684463
711204200004030,0,58976.2470023,19.3055534,0.0995691493
711204200004030,0,58978.2454167,19.1265507,0.0875562355
711204200004030,0,58980.2349769,19.0966854,0.0856860504
711204200004030,0,58980.2359144,19.1552067,0.0893864408
711204200004030,0,58981.2281019,19.0877037,0.0851310343
711204200004030,0,58986.2369213,19.1184196,0.0870433003
711204200004030,0,58987.1714931,19.1303558,0.0877972543
711204200004030,0,58992.2243634,19.2275867,0.0941664875
711204200004030,0,58992.2253009,19.1916294,0.0917636156
711204200004030,0,58995.2237616,19.2711678,0.0971538946
711204200004030,0,58996.2346412,19.2509918,0.0957606882
711204200004030,0,58996.24375,19.0984077,0.0857928842
711204200004030,0,58997.2367361,19.3320332,0.101464041
711204200004030,0,58999.1716204,19.1273746,0.0876083598
711204200004030,0,59005.2470833,19.2266579,0.0941037461
711204200004030,0,59020.1748032,19.2993546,0.0991299525
711204200004030,0,59020.1799421,19.3520718,0.102918208
711204200004030,0,59020.185081,19.3538666,0.103049234
711204200004030,0,59020.1902083,19.176712,0.0907830894
711204200004030,0,59022.1815856,19.3715534,0.104348488
711204200004030,0,59022.1865278,19.3247833,0.100942202
711204200004030,0,59022.1964236,19.1718102,0.0904629827
711204200004030,0,59024.1744907,19.3447552,0.102385223
711204200004030,0,59024.1842824,19.2518158,0.0958172157
711204200004030,0,59024.1891667,19.3687248,0.104139782
711204200004030,0,59026.1774306,19.1470108,0.0888594016
711204200004030,0,59026.1822338,19.2603855,0.0964071825
711204200004030,32768,59026.1870255,19.008503,0.0803833902
711204200004030,0,59027.1768981,19.1538868,0.0893013775
711204200004030,0,59032.1760995,19.1823483,0.0911524221
711204200004030,0,59032.1811574,18.9487934,0.0769757926
711204200004030,0,59036.1798148,19.084137,0.0849115774
711204200004030,0,59038.1750463,19.3100929,0.0998918414
711204200004030,0,59038.179919,19.197422,0.0921469182
711204200004030,0,59038.1847801,19.4983368,0.114052109
711204200004030,0,59109.5062616,19.1269646,0.0875824019
711204200004030,0,59109.5109606,19.1915665,0.0917594358
711204200004030,0,59109.5156713,19.0912399,0.0853491277
711204200004030,0,59111.5065046,19.2625542,0.0965569615
711204200004030,0,59111.5111806,19.1958885,0.092045337
711204200004030,0,59111.5158565,19.4040051,0.106767252
711204200004030,0,59111.5205324,19.3086529,0.099789381
711204200004030,0,59111.5251968,19.2373962,0.0948317498
711204200004030,0,59113.5066435,19.1363716,0.0881795064
711204200004030,0,59113.5113542,19.2926598,0.0986574963
711204200004030,0,59113.516088,19.2377243,0.0948540643
711204200004030,0,59113.5208102,19.1893082,0.0916104317
711204200004030,0,59113.5255324,19.2446709,0.0953277722
711204200004030,0,59115.5095486,19.2109261,0.0930461809
711204200004030,0,59115.514294,19.1503639,0.0890746936
711204200004030,0,59115.5190278,19.214016,0.0932530388
711204200004030,0,59115.5237616,19.3066425,0.0996465236
711204200004030,0,59115.5285069,19.394104,0.106024534
711204200004030,0,59117.5106829,19.2683048,0.0969551653
711204200004030,0,59117.5153935,19.2185402,0.0935566649
711204200004030,0,59117.5200926,19.1590157,0.0896323472
711204200004030,0,59117.5247917,19.1471405,0.0888677388
711204200004030,0,59117.5295023,19.0674458,0.0838916525
711204200004030,0,59126.528125,19.1978626,0.0921761692
711204200004030,0,59128.517419,18.9756527,0.0784905925
711204200004030,0,59130.5291551,19.0197105,0.0810393617
711204200004030,0,59137.5089468,19.0386658,0.082160607
711204200004030,0,59140.5354514,19.1081333,0.0863984302
711204200004030,0,59142.5299421,18.9967575,0.079701528
711204200004030,0,59144.5365625,18.9498844,0.0770367458
711204200004030,0,59150.5351389,18.8942032,0.0739866197
711204200004030,0,59152.4881597,19.1693459,0.0903024748
711204200004030,0,59155.4782292,19.0811062,0.0847254619
711204200004030,0,59157.4913542,19.0042534,0.080136016
711204200004030,0,59159.4902315,19.1141701,0.0867763311
711204200004030,0,59165.4761921,19.0178452,0.0809298158
711204200004030,0,59168.4464236,18.9704475,0.0781947821
711204200004030,0,59170.5313426,19.0454941,0.082568191
711204200004030,0,59173.51375,19.0508766,0.0828908235
711204200004030,32768,59175.5113657,18.9983311,0.0797925442
711204200004030,0,59182.4886458,19.0881538,0.0851587206
711204200004030,0,59185.4780093,19.0321407,0.0817729235
711204200004030,0,59187.4740972,18.9230385,0.075550653
711204200004030,32768,59192.3639005,18.9475136,0.0769043863
711204200004030,0,59193.4105671,18.8872662,0.0736152083
711204200004030,0,59194.4743287,18.9198856,0.0753780752
711204200004030,0,59198.4446991,18.9977455,0.0797586739
711204200004030,0,59200.5096991,19.034008,0.081883654
711204200004030,0,59203.4705208,19.0221024,0.0811799839
711204200004030,0,59217.3600694,19.12883,0.0877005234
711204200004030,0,59219.3611227,19.2246437,0.093967706
711204200004030,0,59221.3623264,19.2931614,0.0986928493
711204200004030,0,59229.4139931,18.9564533,0.0774048418
711204200004030,0,59231.3702315,19.348835,0.102682069
711204200004030,0,59249.3504861,19.1084347,0.0864172578
711204200004030,0,59249.403669,19.224678,0.093970038
711204200004030,0,59250.3436343,19.0878296,0.0851387456
711204200004030,0,59250.388912,19.2000027,0.0923181772
711204200004030,0,59250.4452315,19.2096043,0.0929577872
711204200004030,0,59251.3014236,19.2163677,0.0934107751
711204200004030,0,59252.1985185,19.2688484,0.0969928727
711204200004030,0,59252.3026042,19.2862167,0.0982046276
711204200004030,0,59252.3035417,19.2950611,0.0988267809
711204200004030,0,59253.3118519,19.2168102,0.0934404805
711204200004030,0,59253.3248843,19.2380333,0.0948750749
711204200004030,0,59254.2660417,19.2248077,0.0939788148
711204200004030,0,59254.3885069,19.2776794,0.0976073816
711204200004030,0,59255.2878472,19.2669601,0.0968619287
711204200004030,0,59255.4071528,19.2575779,0.0962134898
711204200004030,0,59256.2284491,19.2904701,0.0985033736
711204200004030,32768,59257.2584259,19.2112942,0.0930708125
711204200004030,32768,59258.3248264,19.1721573,0.0904856101
711204200004030,0,59260.2672801,19.1597385,0.0896791369
711204200004030,0,59260.4168519,19.2834873,0.0980133712
711204200004030,0,59262.2168171,19.3081188,0.099751398
711204200004030,0,59262.2387731,19.1806946,0.0910439342
711204200004030,0,59262.2449884,19.1866646,0.0914361998
711204200004030,0,59263.2676736,18.9802856,0.0787549019
711204200004030,0,59264.1979977,19.2533665,0.0959237441
711204200004030,0,59264.2988426,19.301424,0.0992764011
711204200004030,0,59264.3642708,19.3076019,0.0997147113
711204200004030,0,59265.2372801,19.3360958,0.101757452
711204200004030,0,59265.3005208,19.2732639,0.0972997099
711204200004030,0,59266.2349537,19.1415768,0.0885115713
711204200004030,0,59266.2583333,19.1219711,0.0872669667
711204200004030,0,59266.3947801,19.3431244,0.102266744
711204200004030,0,59267.1864931,19.3386726,0.101943962
711204200004030,0,59267.4028588,19.1494083,0.089013271
711204200004030,0,59268.2712847,19.2759247,0.0974849984
711204200004030,0,59268.2780787,19.2710781,0.0971476808
711204200004030,0,59268.3617361,19.1980152,0.0921862945
711204200004030,0,59269.166713,19.29179,0.0985963121
711204200004030,0,59269.3802546,19.2066517,0.0927606523
711204200004030,0,59270.3152431,19.0610847,0.0835060626
711204200004030,0,59270.3616319,19.1644936,0.0899871737
711204200004030,0,59274.3833218,19.01161,0.0805647522
711204200004030,0,59275.3520255,19.1250229,0.0874596164
711204200004030,0,59275.4147338,19.1677818,0.0902007222
711204200004030,0,59276.401875,19.1385403,0.0883176774
711204200004030,0,59280.26375,19.0440292,0.0824805722
711204200004030,0,59280.2646875,19.0647755,0.08372958
711204200004030,0,59280.3047106,19.1160755,0.0868959725
711204200004030,0,59281.220787,19.0755424,0.0843849257
711204200004030,0,59281.256956,19.0543709,0.083100915
711204200004030,0,59292.2327199,19.1246891,0.0874385238
711204200004030,0,59293.2211574,18.9755745,0.0784861892
711204200004030,0,59294.2131597,19.0300541,0.081649363
711204200004030,0,59294.2141898,18.9587708,0.0775351077
711204200004030,0,59296.3397801,19.0010662,0.0799510404
711204200004030,0,59297.2330903,18.9130898,0.0750073045
711204200004030,0,59301.3005671,18.7279816,0.0655987784
711204200004030,0,59302.2166667,18.8741264,0.0729170367
711204200004030,0,59302.2176273,19.0635529,0.0836554319
711204200004030,0,59303.3485764,19.1384373,0.0883111507
711204200004030,0,59304.1524306,19.0590305,0.0833819136
711204200004030,0,59304.1750579,19.0197067,0.0810391456
711204200004030,0,59306.2394676,19.0873165,0.0851071626
711204200004030,0,59306.2404282,19.0507832,0.082885161
711204200004030,0,59307.2204051,19.0536804,0.0830593705
711204200004030,0,59308.2076852,19.0345097,0.0819134489
711204200004030,0,59309.2266782,19.1163292,0.0869118497
711204200004030,0,59310.3086574,19.0502319,0.0828521028
711204200004030,0,59310.3095949,18.9682331,0.0780692175
711204200004030,0,59312.2871875,19.1813622,0.0910877138
711204200004030,0,59314.2678935,19.0898609,0.0852639899
711204200004030,0,59316.2878472,19.1539669,0.0893065259
711204200004030,0,59319.2030556,19.1446171,0.0887060091
711204200004030,0,59321.2281829,19.1536369,0.0892852545
711204200004030,0,59323.2171528,19.2374039,0.0948322564
711204200004030,0,59325.1781366,19.3239746,0.100884169
711204200004030,0,59329.2395833,19.2323341,0.0944878981
711204200004030,0,59329.2405208,19.0916939,0.0853771865
711204200004030,0,59335.1830093,19.2013645,0.0924086273
711204200004030,0,59335.1839468,19.1672382,0.0901653916
711204200004030,0,59336.1982755,19.0811901,0.084730655
711204200004030,0,59338.245787,19.0464268,0.0826239884
711204200004030,0,59340.2433218,19.1793785,0.090957664
711204200004030,0,59340.2475347,19.1258469,0.087511681
711204200004030,0,59341.1962153,19.1837578,0.0912450477
711204200004030,0,59341.1971528,19.1478043,0.0889103338
711204200004030,0,59342.2621991,19.1510773,0.0891205221
711204200004030,0,59344.2034606,19.1266956,0.0875653625
711204200004030,0,59346.1975347,19.1862774,0.0914106965
711204200004030,0,59346.1984838,19.1664505,0.0901141763
711204200004030,0,59348.184213,19.106739,0.0863114074
711204200004030,0,59350.2200694,18.9302635,0.075947769
711204200004030,0,59353.1858102,19.038065,0.0821248367
711204200004030,0,59355.2042593,19.2099609,0.0929816142
711204200004030,0,59355.2051852,19.1007576,0.0859388113
711204200004030,0,59356.2428935,19.1032276,0.0860924795
711204200004030,0,59358.2264815,19.0767746,0.0844602659
711204200004030,0,59361.2045023,19.2068825,0.0927760825
711204200004030,0,59361.2054398,19.0610371,0.0835031793
711204200004030,0,59363.1838657,19.099308,0.0858487487
711204200004030,0,59391.1866898,18.8725052,0.0728313625
711204200004030,0,59391.1876389,18.9736042,0.078374058
711204200004030,0,59391.1885764,19.0268631,0.081460692
711204200004030,0,59396.1721181,19.1233692,0.0873551965
711204200004030,0,59396.1768287,19.0503273,0.0828578249
711204200004030,0,59396.1791898,19.0440331,0.0824807882
711204200004030,0,59396.1815509,18.8226795,0.0702480972
711204200004030,32768,59397.1715625,18.9017239,0.0743913203
711204200004030,0,59397.1739236,19.2074299,0.0928125903
711204200004030,0,59397.1762963,19.054718,0.0831218064
711204200004030,0,59397.178669,19.1329422,0.0879613757
711204200004030,0,59397.1810417,19.0674286,0.0838906318
711204200004030,32768,59399.1712963,19.2441463,0.0952919126
711204200004030,0,59400.1760069,18.8287697,0.0705587193
711204200004030,0,59400.1784259,18.9221096,0.0754997581
711204200004030,0,59401.1758565,18.8551216,0.0719191805
711204200004030,0,59401.180706,18.8670368,0.0725431368
711204200004030,0,59402.1708218,18.9158401,0.0751571283
711204200004030,0,59402.1756713,18.9253654,0.0756783187
711204200004030,0,59402.1780903,19.0799026,0.084651731
711204200004030,0,59402.1805208,19.1752453,0.0906872377
711204200004030,32768,59403.1701273,18.8407516,0.071173951
711204200004030,0,59403.1725231,19.1730194,0.0905419067
711204200004030,0,59403.174919,19.1826572,0.0911726952
711204200004030,0,59403.1773148,19.0668182,0.0838535726
711204200004030,0,59404.1770949,18.9744358,0.0784213915
711204200004030,0,59405.1691667,19.1412678,0.0884917676
711204200004030,0,59405.1715394,18.8933105,0.0739387125
711204200004030,0,59405.1739005,19.0430107,0.0824196711
711204200004030,0,59405.1762616,19.1079636,0.0863878503
711204200004030,0,59405.1786227,19.0429516,0.0824161842
711204200004030,0,59406.1736227,19.0699329,0.0840428546
711204200004030,0,59406.1783681,19.1586399,0.0896080658
711204200004030,32768,59407.168588,18.7350349,0.0659335852
711204200004030,0,59407.1709606,18.9953079,0.0796177685
711204200004030,32768,59407.1780556,18.8725395,0.0728331879
711204200004030,0,59470.5139468,19.2445908,0.0953223184
711204200004030,0,59470.516331,19.2549515,0.0960326791
711204200004030,0,59470.5187269,19.0230999,0.0812387317
711204200004030,0,59470.5211227,19.1176834,0.0869969726
711204200004030,0,59470.5235185,18.9207153,0.0754234716
711204200004030,0,59471.5142014,19.0296364,0.0816245973
711204200004030,0,59471.5165625,18.8662071,0.0724995136
711204200004030,0,59471.5189352,19.1438389,0.0886561871
711204200004030,0,59471.5212963,18.9728031,0.0783285275
711204200004030,0,59476.5057407,18.9704094,0.0781925991
711204200004030,0,59476.5081829,19.0082779,0.0803702623
711204200004030,0,59476.5106481,19.1201839,0.0871543586
711204200004030,0,59476.5131019,19.0753403,0.0843725353
711204200004030,0,59476.5155556,19.0904045,0.0852975249
711204200004030,0,59477.5056019,18.923645,0.0755839199
711204200004030,0,59477.5080903,18.988348,0.0792168602
711204200004030,0,59477.5105787,19.0625191,0.0835928395
711204200004030,0,59477.5130671,18.9565163,0.0774083883
711204200004030,0,59478.5032523,18.9770737,0.0785715505
711204200004030,0,59478.5057407,19.1700191,0.0903463215
711204200004030,0,59478.5082407,18.9208469,0.0754306465
711204200004030,0,59478.5107176,18.9666634,0.0779804066
711204200004030,0,59478.513206,19.0596809,0.0834211633
711204200004030,0,59483.5093866,19.019474,0.0810254142
711204200004030,0,59483.5118403,18.8950005,0.0740293637
711204200004030,0,59483.5143056,19.025732,0.081393905
711204200004030,0,59496.4711921,19.0539398,0.0830749348
711204200004030,0,59500.5083102,19.0842514,0.0849186108
711204200004030,0,59509.4754282,19.0273476,0.0814892799
711204200004030,0,59517.5193634,19.0527058,0.0830007195
711204200004030,32768,59520.4695833,19.1557751,0.0894231126
711204200004030,32768,59520.4843634,19.0309525,0.081702508
711204200004030,0,59521.4705903,19.0569191,0.0832544938
711204200004030,0,59522.4887616,19.129734,0.087757796
711204200004030,0,59523.5156019,19.0729561,0.0842270255
711204200004030,0,59523.5165509,19.0562153,0.0832120106
711204200004030,0,59524.4579745,19.0852566,0.084980391
711204200004030,0,59524.4706597,19.0764828,0.0844423994
711204200004030,0,59525.4474306,19.0244141,0.0813161433
711204200004030,0,59526.525706,19.070034,0.0840490162
711204200004030,0,59529.4935764,19.0496807,0.0828190446
711204200004030,0,59530.4727778,18.9251404,0.0756660104
711204200004030,0,59531.4264931,19.0780544,0.0845385045
711204200004030,0,59532.4739931,19.115612,0.0868668556
711204200004030,0,59538.4524537,19.0185509,0.0809712335
711204200004030,0,59540.3533102,19.1196213,0.0871189237
711204200004030,0,59540.5436574,18.8664665,0.0725131184
711204200004030,0,59550.346169,18.9709969,0.0782259554
711204200004030,0,59550.3851852,18.9179173,0.0752704442
711204200004030,0,59550.3890162,18.9102726,0.0748541728
711204200004030,0,59600.3647917,19.1144581,0.0867944211
711204200004030,0,59622.3314352,18.9881287,0.0792042539
711204200004030,0,59622.4048611,18.9808216,0.0787854865
711204200004030,0,59622.4473264,18.9754868,0.0784811676
711204200004030,0,59623.2682176,18.9345112,0.0761821941
711204200004030,0,59623.3853241,18.9595127,0.077576831
711204200004030,0,59624.3924884,19.0868397,0.0850778148
711204200004030,0,59624.4152546,18.8736172,0.0728901178
711204200004030,0,59627.3670718,18.8817463,0.073321104
711204200004030,0,59628.4564005,18.7788086,0.0680524483
711204200004030,0,59629.3314699,18.9849472,0.079021655
711204200004030,0,59629.5125463,19.1792259,0.0909476653
711204200004030,32768,59630.1752315,18.7593117,0.0670998693
711204200004030,0,59636.3499537,18.9008884,0.0743462965
711204200004030,0,59636.4020486,18.8744049,0.0729317889
711204200004030,32768,59637.3297222,18.8910542,0.0738177896
711204200004030,0,59638.3843287,18.7834702,0.0682822689
711204200004030,0,59638.4711921,18.8581429,0.0720768422
711204200004030,0,59639.1499769,18.8135014,0.0697827041
711204200004030,0,59639.2653472,18.8444996,0.0713675469
711204200004030,0,59640.3832176,18.8290749,0.0705743134
711204200004030,0,59640.3890509,18.8654747,0.0724609941
711204200004030,32768,59641.2401157,18.9348679,0.0762019604
711204200004030,0,59641.2744213,18.9297466,0.0759193301
711204200004030,0,59671.3307639,18.8026657,0.0692373589
711204200004030,0,59674.3092361,18.7330875,0.0658409446
711204200004030,0,59676.3452199,18.6460991,0.0618434548
711204200004030,0,59683.24375,18.702446,0.0644018352
711204200004030,0,59685.2457523,18.8152142,0.069869332
711204200004030,0,59690.2355556,18.7618618,0.0672236979
711204200004030,0,59694.1759028,18.6594849,0.0624410473
711204200004030,0,59696.245081,18.6244125,0.0608885624
711204200004030,0,59699.1762269,18.6603088,0.0624780282
711204200004030,0,59701.2202431,18.5756874,0.0588020459
711204200004030,0,59708.2446296,18.4147186,0.0524630249
711204200004030,0,59710.2239468,18.5615788,0.05821288
711204200004030,0,59712.2248611,18.5303307,0.0569314621
711204200004030,0,59714.1789699,18.6357384,0.0613852292
711204200004030,0,59717.1979051,18.5931664,0.0595412701
711204200004030,0,59719.183831,18.6397266,0.0615611449
711204200004030,0,59719.2241319,18.6855659,0.063623555
711204200004030,0,59842.5041435,18.6006775,0.0598620586
711204200004030,0,59842.5066319,18.5366726,0.0571889244
711204200004030,0,59842.5091204,18.5277481,0.0568270162
711204200004030,0,59842.5116088,18.6762428,0.0631980598
711204200004030,0,59842.5140856,18.4955215,0.0555415489
711204200004030,0,59843.5053125,18.5294456,0.0568956546
711204200004030,0,59843.5077894,18.5085583,0.056057509
711204200004030,0,59843.5102778,18.4853497,0.0551427267
711204200004030,0,59843.5127662,18.5297871,0.0569094531
711204200004030,0,59843.5152546,18.5464172,0.057587143
711204200004030,0,59846.5072685,18.6004734,0.0598533303
711204200004030,0,59846.5098032,18.5512428,0.0577854849
711204200004030,0,59846.5123495,18.5567493,0.0580127388
711204200004030,0,59846.5148843,18.4937191,0.0554706343
711204200004030,0,59846.517419,18.4749527,0.0547385216
711204200004030,0,59847.506875,18.5016975,0.0557853132
711204200004030,0,59847.5093634,18.608202,0.0601853803
711204200004030,0,59847.5118403,18.5205173,0.0565356463
711204200004030,0,59847.5143171,18.4556236,0.0539960228
711204200004030,0,59847.5168056,18.6199875,0.0606957264
711204200004030,0,59848.5089583,18.5783348,0.0589133576
711204200004030,0,59848.511412,18.6143646,0.0604516491
711204200004030,0,59848.5138773,18.654562,0.0622205213
711204200004030,0,59848.516331,18.560173,0.0581545494
711204200004030,0,59848.5187963,18.5506687,0.0577618219
711204200004030,32768,59861.4924421,18.5665321,0.0584189631
711204200004030,0,59863.4843056,18.7385635,0.0661017597
711204200004030,0,59866.485544,18.7101421,0.0647600889
711204200004030,0,59869.5053588,18.6630859,0.0626028478
711204200004030,0,59872.445544,18.6958961,0.0640986487
711204200004030,0,59874.5156134,18.6240101,0.0608709715
711204200004030,0,59878.4956829,18.5688953,0.0585176125
711204200004030,0,59880.4949884,18.5185966,0.0564585589
711204200004030,0,59882.489537,18.5703049,0.0585764945
711204200004030,0,59889.5241782,18.5502129,0.05774308
711204200004030,0,59897.3696644,18.4616833,0.0542275645
711204200004030,0,59901.4983449,18.5683956,0.0584966987
711204200004030,0,59903.4995139,18.6023979,0.0599358603
711204200004030,32768,59905.4446412,18.5971565,0.0597114526
711204200004030,0,59910.4694329,18.5334511,0.0570579991
711204200004030,0,59914.4353819,18.5206909,0.056542635
711204200004030,0,59923.3631713,18.7901134,0.0686112568
711204200004030,0,59933.4033218,18.7262688,0.0655177385
711204200004030,0,59935.4350463,18.765377,0.0673946738
711204200004030,0,59937.3524421,18.6929111,0.0639609843
711204200004030,0,59951.4320602,18.690567,0.0638530627
711204200004030,0,59965.3429745,18.5365028,0.0571820401
711204200004030,0,59968.3666551,18.6624737,0.0625753328
711204200004030,0,59971.3420023,18.6253719,0.0609304719
711204200004030,0,59977.300162,18.5032768,0.055847846
711204200004030,0,59980.3384491,18.6320953,0.0612249896
711204200004030,0,59983.3530324,18.6882057,0.0637445673
711204200004030,0,59985.2446759,18.568325,0.0584937669
711204200004030,32768,59992.3106597,18.5109386,0.0561523214
711204200004030,0,59994.2798264,18.6318932,0.0612160899
711204200004030,0,60021.234919,18.5977135,0.059735246
711204200004030,0,60031.3054977,18.6286125,0.0610722154
711204200004030,0,60036.2589005,18.6949463,0.0640548021
711204200004030,0,60043.1979861,18.6484051,0.0619459264
711204200004030,0,60045.2702662,18.6059036,0.0600864179
711204200004030,0,60049.2148032,18.6344681,0.0613292716
711204200004030,0,60051.2555208,18.6013432,0.059890613
711204200004030,0,60053.2382407,18.687067,0.0636923388
711204200004030,32768,60055.2161574,18.6189938,0.060652487
711204200004030,0,60057.2847106,18.6905842,0.0638538897
711204200004030,0,60059.2120255,18.6711674,0.0629677624
711204200004030,0,60061.1987847,18.710516,0.064777568
711204200004030,0,60063.2350579,18.7472343,0.0665169284
711204200004030,0,60065.221794,18.7204094,0.0652413741
711204200004030,0,60073.1812963,18.6435661,0.0617310666
711204200004030,0,60077.2184722,18.6263695,0.0609740242
711204200004030,0,60079.3042014,18.5161591,0.0563608594
711204200004030,0,60081.2437731,18.6263237,0.0609720461
711204200004030,0,60083.1806134,18.5898438,0.0593999252
711204200004030,0,60092.2840394,18.72822,0.0656100661
711204200004030,0,60097.1972801,18.4685326,0.0544905886
711204200004030,0,60099.2421644,18.4576836,0.0540745929
711204200004030,0,60114.2277778,18.4566517,0.0540352464
711204200004030,0,60116.2243981,18.3765755,0.0510792956
